locatie.EAG;locatie.afaanvoergebied;datum;jaar;Ca_mg/kg_dg_BS;Ca_mg/kg_dg_PW;DICHTHD_kg/l_BS;Fe_mg/kg_dg_BS;Fe_mg/l_ng_BS;Fe_ug/l_nf_PW;GR_%_dg_BS;IR_%_BS;MONSDTE_m_BS;MONSDTE_m_PW;MONSDTE_m_E_BS;MONSDTE_m_E_PW;MONSLTE_m_BS;MONSLTE_m_PW;NH4_mgN/l_nf_PW;PO4_mgP/l_nf_PW;Ptot_gP/kg_dg_BS;Ptot_mgP/l_nf_PW;Ptot_mgP/l_ng_BS;Ptot_mgPOlsen/kg_dg_BS;Ptot_mgPOlsen/l_ng_BS;S_mg/l_OPGLT_PW;SLIBDTE_m_BS;SO4_mg/l_PW;Stot_mg/kg_dg_BS;Stot_mg/l_PW;Stot_mg/l_nf_PW;Stot_mg/l_ng_BS;T_oC_BS;WATDTE_m_BS;WATDTE_m_PW;X_CODNT_m_BS;X_CODNT_m_PW;Y_CODNT_m_BS;Y_CODNT_m_PW
;;2013-10-04;2013;;;1.61566666666667;5913.16666666667;3533.33333333333;;88.6666666666667;51.7833333333333;-10;;-20;;;;;0.135833333333333;0.2;;71.1666666666667;3.41666666666667;2.36666666666667;;;;4515;;;2076.66666666667;13.3666666666667;;;132798;;475223.168;
;;2013-10-08;2013;;;1.144125;5703.75;512.5;;43.5;8.8875;-10;;-20;;;;;1.14875;0.825;;83;22.75;2.3125;;;;33125;;;3337.5;;;;124713.5;;470531.124;
;;2013-10-11;2013;;;1.1665;2176.75;275;;44;10.2;-10;;-20;;;;;1.09;0.7;;87.5;22;2.6;;;;22999.999;;;2750;;;;124312.5;;472344.496;
2110-EAG-1;2110;2017-07-13;2017;30000;;1.176;24000;6400;2800;84;23.2;40;;;;;;23;;0.9;15;240;;;0.02;;;18000;2.7;;4900;19.1;;;;;;
2110-EAG-2;2110;2017-07-11;2017;;;1.077;18000;2700;;63.5;13.8;145;;;;;;;;1.15;;170;37.5;5.85;;;;13250;;;2135;20.05;;;;;;
2110-EAG-3;2110;2017-07-13;2017;19000;;1.061;17000;2000;6900;50;11.2;45;;;;;;18;;1.9;13;230;;;0.03;;;19000;4.2;;2300;19.5;;;;;;
2110-EAG-3;2110;2017-08-17;2017;53000;;1.102;22000;4400;12000;66;18;;;;;;;27;;1.9;14;370;;;1.7;;;13000;4.1;;2600;18.7;;;;;;
2110-EAG-5;2110;2017-07-11;2017;;;1.2735;16500;7600;;92.5;35.6;92.5;;;;;;;;1.6;;730;63;29;;;;5100;;;2250;20.45;;;;;;
2110-EAG-5;2110;2017-08-17;2017;;;1.243;17000;6700;;89;32.2;80;;;;;;;;1.7;;680;40;16;;;;13000;;;5200;19.3;;;;;;
2110-EAG-6;2110;2017-07-13;2017;38000;;1.169;25500;7500;6750;85.5;26.1;35;;;;;;21.5;;1.8;14.5;580;;;0.035;;;17800;2.65;;4900;17.35;;;;;;
2140-EAG-5;2140;2017-11-23;2017;;;1.165;15833.3326666667;3566.66666666667;;70.5;23.7333333333333;206.666666666667;;;;;;;;0.833333333333333;;164.333333333333;26;8.3;;60;;16299.9996666667;;;3050;11.2833333333333;1.4;;;;;
2220-EAG-1;2220;2013-09-30;2013;;;4.45516666666667;30034.1665833333;4850;8046.66633333333;72;14.8666666666667;0;0;-10;-10;;;;;1.28333333333333;2.12;200.75;;;;;;9683.33316666667;3.35166666666667;3.35166666666667;1405;11.0333333333333;;;127957.5;127957.5;479815.002666667;479815.002666667
2500-EAG-2;2500;2013-10-10;2013;;;5.42;15113.8333333333;1616.66666666667;32.5;48;10.8333333333333;0;0;-10;-10;54.281;54.281;;;1.01666666666667;0.69;108;;;;;;22166.6666666667;3.83333333333333;3.83333333333333;2391.66666666667;12.3833333333333;;;124704.666666667;124704.666666667;468953.669333333;468953.669333333
2500-EAG-3;2500;2013-10-08;2013;;;7.51333333333333;20781.666;1933.33333333333;80;38.3333333333333;9.4;-3.33333333333333;0;-13.3333333333333;-10;;;;1.9;0.666666666666667;1.5;61.3333333333333;37;3.1;;;;32666.6653333333;3.4;3.4;2933.33333333333;15.1;;;125185;125185;469929.984;469929.984
2500-EAG-4;2500;2013-10-08;2013;;;6.07375;12884.8333333333;958.333333333333;8.75;45.5;8.13333333333333;-3.33333333333333;0;-13.3333333333333;-10;;;;0.925;0.866666666666667;0.2275;67.25;18.5;1.525;;;;26583.333;8.175;8.175;2041.66666666667;14.925;;;124706;124706;470540.248;470540.248
2500-EAG-5;2500;2013-10-08;2013;;;7.65316666666667;13684.5;966.666666666667;5;43.6666666666667;7.45;-3.33333333333333;0;-13.3333333333333;-10;;;;1.045;0.866666666666667;0.235;62.5;20;1.35;;;;27166.6666666667;11;11;1916.66666666667;14.75;;;124569.5;124569.5;471118.016;471118.016
2500-EAG-5;2500;2013-10-11;2013;;;5.57385714285714;8928.14271428571;700;11.25;40.8571428571429;8.34285714285714;-4.28571428571429;0;-14.2857142857143;-10;;;;1.23;0.685714285714286;0.49;56.2142857142857;24.6666666666667;1.86666666666667;;;;21285.7135714286;6.275;6.275;1754.28571428571;11.9;;;124045.928571429;124079.25;471946.781714286;471996.496
2500-EAG-6;2500;2013-10-09;2013;;;4.0415;19818;2057.14285714286;74.2857142857143;46.5714285714286;10.3428571428571;0;0;-10;-10;146.330428571429;146.330428571429;;;1.62857142857143;4.65714285714286;169.285714285714;;;;;;23428.5714285714;7.45714285714286;7.45714285714286;2421.42857142857;15.3285714285714;;;116561;116561;468853.860571429;468853.860571429
2500-EAG-6;2500;2013-10-11;2013;;;6.5755;19775.5;2650;1600;45;13.1;0;0;-10;-10;;;;;1.3;6.4;170;;;;;;19000;5.2;5.2;2550;11.9;;;117875;117875;471952;471952
2500-EAG-6;2500;2017-08-03;2017;;44000;1.05177777777778;12944.4436666667;1744.44444444444;22.2222222222222;42.7222222222222;12.9777777777778;98.8888888888889;;;;;;27.6;;1.35555555555556;9;182.166666666667;99;15.1888888888889;0.758888888888889;68.8888888888889;;30333.3316666667;11.5333333333333;;4044.44444444444;19.6055555555556;;;;;;
2500-EAG-6;2500;2017-08-08;2017;;30228.5714285714;1.04271428571429;17285.7135714286;2742.85714285714;238.571428571429;50.6428571428571;14.7785714285714;155.714285714286;;;;;;18.8571428571429;;1.55714285714286;7.77142857142857;237.857142857143;152.714285714286;24.7;0.884285714285714;102.857142857143;;25142.8554285714;14.4714285714286;;3785.71428571429;18.6214285714286;;;;;;
2550-EAG-1;2550;2013-10-04;2013;;;6.2152;15227.3;1210;5;50.8;8.28;0;0;-10;-10;;;;;0.84;0.262;68.4;;;;;;27200;7.32;7.32;2190;14.2;;;123562;123562;473617.1968;473617.1968
2550-EAG-2;2550;2013-10-04;2013;;;5.554;19115.5;1000;5;43;5.2;0;0;-10;-10;;;;;1.3;0.68;67.5;;;;;;33000;4.2;4.2;1700;14.2;;;122651;122651;473686.016;473686.016
2600-EAG-1;2600;2013-10-09;2013;;;6.585;17174;2200;5;59;12.4;0;0;-10;-10;168.929;168.929;;;1.3;3.7;160;;;;;;20000;6;6;2550;15.8;;;115385;115385;467443.008;467443.008
2620-EAG-1;2620;2013-10-08;2013;;;6.3048;14317.6199;1720;58;54.4;11.16;0;0;-10;-10;205.4428;205.4428;;;1.3;4.588;147;;;;;;23200;9.86;9.86;2600;15.3;;;117475.6;117475.6;466227.808;466227.808
2620-EAG-1;2620;2013-10-09;2013;;;6.1275;16781.5;1650;5;56;10;0;0;-10;-10;904.727;904.727;;;1.5;6;145;;;;;;21000;6.8;6.8;2100;15.8;;;115955;115955;467367.008;467367.008
2625-EAG-1;2625;2013-10-09;2013;;;4.58216666666667;17985.6666666667;2183.33333333333;21.6666666666667;54;12.0333333333333;0;0;-10;-10;102.011;102.011;;;1.2;5.96666666666667;145;;;;;;23333.3333333333;6;6;2833.33333333333;15.7666666666667;;;115303.333333333;115303.333333333;469417.994666667;469417.994666667
3100-EAG-1;3100;2017-08-14;2017;;9775;1.096;25625;5425;101.25;68.125;16.7875;;;;;;;2;;0.6125;0.22;107.25;;;0.55375;50;;24375;10.025;;4637.5;19.5;;;;;;
3100-EAG-1;3100;2017-08-15;2017;;32000;1.1715;34500;6200;27250;73;23.8;;;;;;;4.35;;0.5;0.88;110;;;0.025;35;;25500;5.2;;5100;20.45;;;;;;
3100-EAG-10;3100;2017-11-07;2017;;32420;1.525;6775;5500;332.5;96;55.575;;;;;;;1.57;;0.2;0.52;124;;;0.1825;27.5;;8475;12;;6825;9.05;;;;;;
3100-EAG-2;3100;2017-08-15;2017;;15400;1.36714285714286;11457.1428571429;4757.14285714286;142.857142857143;89.8571428571429;43.2142857142857;;;;;;;4.02857142857143;;0.257142857142857;0.341428571428571;117.285714285714;;;0.162142857142857;25.7142857142857;;9085.71428571429;5.7;;4475.71428571429;20.0428571428571;;;;;;
3100-EAG-2;3100;2017-08-16;2017;;14000;1.289;3000;1500;20;95;38.1;;;;;;;1.9;;0.2;0.13;58;;;0.05;20;;2600;6.7;;1300;20.7;;;;;;
3100-EAG-3;3100;2017-08-14;2017;;5600;1.1535;15500;2900;1695;73;22.6;;;;;;;14.65;;0.6;2.305;125;;;0.095;30;;20000;1.85;;4200;19.85;;;;;;
3100-EAG-3;3100;2017-08-16;2017;;18185.7142857143;1.27042857142857;11585.7142857143;3300;81.4285714285714;85.7142857142857;32.9142857142857;;;;;;;3.55714285714286;;0.357142857142857;0.402857142857143;108;;;0.155714285714286;31.4285714285714;;13342.8571428571;5.65714285714286;;3557.14285714286;20.4285714285714;;;;;;
3100-EAG-4;3100;2017-08-16;2017;;21475;1.22425;20275;4075;30;80.25;25.4;;;;;;;4.425;;0.6;0.8225;105.75;;;0.4875;37.5;;21925;6.325;;3525;18.775;;;;;;
3100-EAG-5;3100;2017-11-07;2017;;16000;1.257;18000;9100;50;89;40.8;;;;;;;0.04;;0.2;0.06;120;;;0.005;40;;14000;17;;7200;10.5;;;;;;
3100-EAG-5;3100;2017-11-16;2017;;19400;1.274;18020;3340;260;80.4;24.88;;;;;;;3.964;;0.56;0.822;132;;;0.011;22;;21360;4.42;;3980;9.88;;;;;;
3100-EAG-9;3100;2017-11-06;2017;;1750;1.613;10000;7600;6700;93;57.45;;;;;;;6.33;;0.2;0.22;124;;;0.005;25;;16050;2.75;;10850;10.45;;;;;;
3110-EAG-1;3110;2017-11-01;2017;;5200;;;;;;;;;;;;;0.25;;;0.42;;;;0.07;;;;1.1;;;;;;;;;
3110-EAG-1;3110;2017-11-07;2017;;16850;1.409;10500;6250;4325;89;40.7;;;;;;;7.065;;0.2;0.885;105.5;;;0.0075;40;;12350;6.85;;7350;11.05;;;;;;
3110-EAG-1;3110;2017-11-08;2017;;12300;1.088;19333.3333333333;5616.66666666667;13538.3333333333;84;34.85;;;;;;;2.164;;0.7;1.276;203.5;;;0.364;26.6666666666667;;11148.3333333333;1.88;;3650;9.3;;;;;;
3110-EAG-1;3110;2017-11-09;2017;;11633.3333333333;1.1455;49750;13950;16000;78.75;23.55;;;;;;;3.2625;;1.35;2.39;307.5;;;0.06875;37.5;;7675;0.625;;2035;9.325;;1.6;;;;
3110-EAG-2;3110;2017-11-09;2017;;24150;1.17475;55500;15500;69000;82;25.45;;;;;;;0.46375;;1.05;0.6;292.5;;;0.005;36.25;;7125;1.325;;1712.5;8.325;;;;;;
3110-EAG-2;3110;2017-11-13;2017;;19350;1.1255;41500;7300;28500;80.5;15.75;;;;;;;0.96;;2;1.295;340;;;0.0175;45;;15000;2.1;;2650;7.55;;;;;;
3110-EAG-3;3110;2017-11-13;2017;;13050;1.21783333333333;38666.6666666667;12000;48500;83.5;28.9166666666667;;;;;;;13.2833333333333;;1.48333333333333;1.08333333333333;463.333333333333;;;0.00833333333333333;31.6666666666667;;8833.33333333333;1.23333333333333;;2528.33333333333;8.9;;;;;;
3110-EAG-3;3110;2017-11-14;2017;;13120;1.239;45200;13320;62200;81;26.3;;;;;;;11.783;;1.56;0.966;478;;;0.005;39;;7500;0.98;;2026;8.14;;;;;;
3110-EAG-4;3110;2017-11-16;2017;;76000;1.122;9000;700;10;51;6.4;;;;;;;3.5;;1.1;3.9;79;;;0.17;30;;17000;7.7;;1200;9.3;;;;;;
3200-EAG-1;3200;2013-10-04;2013;;;9.87833333333333;19064.8888888889;4155.55555555556;1136.66666666667;83.6666666666667;31.3166666666667;-3.33333333333333;0;-13.3333333333333;-10;;;;0.135833333333333;0.533333333333333;1.24166666666667;109.172222222222;3.41666666666667;0.833333333333333;;;;6127.22222222222;11.1166666666667;11.1166666666667;1346.11111111111;10.4555555555556;;;132545;132418.5;475296.501333333;475333.168
3201-EAG-1;3201;2013-10-01;2013;;;6.13821428571429;16281.3570714286;1192.85714285714;61.4285714285714;44.7142857142857;8.14285714285714;0;0;-10;-10;;;;;0.814285714285714;0.411428571428571;60.1428571428571;;;;;;23428.5714285714;5.91428571428571;5.91428571428571;1728.57142857143;11.6285714285714;;;134143.142857143;134143.142857143;475446.285714286;475446.285714286
3201-EAG-2;3201;2013-10-01;2013;;;6.11125;24484.5;975;5;28.5;3.75;0;0;-10;-10;;;;;1.5;0.62;58.25;;;;;;43000;5.35;5.35;1650;10.75;;;134347;134347;474796.992;474796.992
3230-EAG-1;3230;2013-09-19;2013;;;1.106;40871.3571428571;2392.85714285714;12000;43.7142857142857;11.3571428571429;0;0;-10;-10;97.247;97.247;;;1.02857142857143;0.457142857142857;76.7142857142857;;;;;;24085.7142857143;0.92;0.92;1451.42857142857;15.8;;;134149.714285714;134149.714285714;470141.426285714;470141.426285714
3230-EAG-1;3230;2013-09-20;2013;;;1.073;62037.9986666667;3900;7233.333;44.3333333333333;6.16666666666667;0;0;-10;-10;;;;;5.06666666666667;0.176666666666667;303.833333333333;;;;;;20333.3333333333;1.04;1.04;1205;16.1;;;135330.666666667;135330.666666667;470309.994666667;470309.994666667
3230-EAG-1;3230;2013-09-24;2013;;;6.30975;9902;1850;28500;68;18.55;0;0;-10;-10;;;;;0.85;1.45;151.25;;;;;;5650;3.425;3.425;977.5;16.15;;;135289.496;135289.496;469909.504;469909.504
3230-EAG-2;3230;2013-10-15;2013;;;6.10433333333333;7451.91666666667;1916.66666666667;121.666666666667;82.5;24.8833333333333;0;0;-10;-10;0;0;;;0.3;0.454166666666667;97.9166666666667;;;;;;7033.33333333333;3.31833333333333;3.31833333333333;1667.5;15.8333333333333;;;132457.166666667;132457.166666667;471004.496;471004.496
3230-EAG-3;3230;2013-10-02;2013;;;5.09475;23843.5833333333;1466.66666666667;315;40.5;6.38333333333333;0;0;-10;-10;;;;;1.25;0.1925;77.75;;;;;;29500;3.95166666666667;3.95166666666667;1825;12;;;134729.498666667;134729.498666667;472277.669333333;472277.669333333
3230-EAG-4;3230;2017-07-12;2017;17566.6666666667;;1.20966666666667;13333.3333333333;3533.33333333333;466.666666666667;82.6666666666667;30.2;50;;;;;;3.53666666666667;;0.6;0.623333333333333;226.666666666667;;;5.26333333333333;;;13366.6666666667;9.76666666666667;;3733.33333333333;18.5;;;;;;
3230-EAG-4;3230;2017-07-13;2017;14000;;1.533;5550;1700;7400;85;46;45;;;;;;17;;0.5;9.5;160;26;38;0.03;;;4505;1.5;;980;19.1;;;;;;
3230-EAG-5;3230;2013-09-20;2013;;;1.06566666666667;26079.3333333333;2116.66666666667;2263.33333333333;46;7.86666666666667;0;0;-10;-10;;;;;1.83333333333333;1.16;152.666666666667;;;;;;27000;1.26666666666667;1.26666666666667;2033.33333333333;15.8666666666667;;;135365.664;135365.664;470924.661333333;470924.661333333
3300-EAG-1;3300;2013-08-29;2013;;;4.8361;19009.9;2040;1080;49.6;11.86;0;0;-10;-10;;;;;0.6;0.086;70.3;;;;;;21100;1.62;1.62;2170;18.68;;;132364.6;132364.6;467202.0032;467202.0032
3300-EAG-1;3300;2013-08-30;2013;;;4.729625;14606.625;1562.5;197.5;49.5;11.2;0;0;-10;-10;0;0;;;0.35;0.005;43;;;;;;18625;1.355;1.355;1962.5;18.7;;;132560.5;132560.5;465825.248;465825.248
3300-EAG-1;3300;2013-09-05;2013;;;4.52066666666667;13547.6666666667;1550;1316.66666666667;61.3333333333333;15.7333333333333;0;0;-10;-10;;;;;0.3;0.005;45;;;;;;9133.33333333333;3.96666666666667;3.96666666666667;1085;19.7666666666667;;;134271.333333333;134271.333333333;467216.992;467216.992
3300-EAG-10;3300;2013-10-03;2013;;;3.48975;11672.25;1200;1925;64.5;14.15;0;0;-10;-10;283.933;283.933;;;1.05;0.195;111;;;;;;14399.999;1.35;1.35;1162.5;10.6;;;135762.496;135762.496;466124.496;466124.496
3300-EAG-11;3300;2013-10-03;2013;;;6.53516666666667;11247.4996666667;816.666666666667;1556.66666666667;68.6666666666667;20.3666666666667;0;0;-10;-10;;;;;0.666666666666667;0.883333333333333;62.3333333333333;;;;;;18173.3333333333;1.82;1.82;1278.33333333333;10.5666666666667;;;135366;135366;467771.338666667;467771.338666667
3300-EAG-3;3300;2013-08-29;2013;;;5.77883333333333;25320.1666666667;1900;90;39.6666666666667;7.46666666666667;0;0;-10;-10;;;;;0.933333333333333;0.303333333333333;69.6666666666667;;;;;;35333.3333333333;2.29;2.29;2583.33333333333;18.6666666666667;;;130716.333333333;130716.333333333;465790.325333333;465790.325333333
3300-EAG-4;3300;2013-08-29;2013;;;5.946;18812;1400;40;43;7.4;0;0;-10;-10;;;;;0.7;0.06;53.5;;;;;;24999.998;2.4;2.4;1850;18.7;;;131372;131372;465172;465172
3300-EAG-4;3300;2013-08-30;2013;;;3.48525;16476.5;1325;2252.5;48.5;8.95;0;0;-10;-10;;;;;1.7;0.42;164;;;;;;36000;1.275;1.275;3275;18.7;;;131079;131079;464400;464400
3300-EAG-5;3300;2013-09-05;2013;;;4.61983333333333;9821.16666666667;1100;483.333333333333;67;27.5666666666667;0;0;-10;-10;;;;;0.466666666666667;0.13;57.3333333333333;;;;;;9313.33333333333;2.73333333333333;2.73333333333333;946.666666666667;21.9333333333333;;;134160.669333333;134160.669333333;465816.341333333;465816.341333333
3300-EAG-6;3300;2013-09-05;2013;;;5.6805;19137.1665;1216.66666666667;33.3333333333333;36.3333333333333;6.2;0;0;-10;-10;;;;;1.16666666666667;0.226666666666667;72.3333333333333;;;;;;29333.3326666667;1.5;1.5;1800;21.1;;;134328.336;134328.336;464950.997333333;464950.997333333
3300-EAG-7;3300;2013-09-06;2013;;;4.26966666666667;22710.3325;1383.33333333333;1800;43.3333333333333;6.63333333333333;0;0;-10;-10;;;;;1.16666666666667;0.206666666666667;68.3333333333333;;;;;;29999.9996666667;1.83333333333333;1.83333333333333;1683.33333333333;21;;;134434.666666667;134434.666666667;464560.661333333;464560.661333333
3300-EAG-8;3300;2013-09-03;2013;;;5.9275;14724.3333333333;1975;32.5;49;11.75;0;0;-10;-10;;;;;5.1;0.4675;535.833333333333;;;;;;17850;2.33333333333333;2.33333333333333;1570.83333333333;19.4;;;133832.666666667;133832.666666667;469358.672;469358.672
3300-EAG-9;3300;2013-09-14;2013;;;6.38466666666667;1820.83333333333;200;143.333333333333;82.6666666666667;25.1333333333333;0;0;-10;-10;;;;;0.2;0.53;63.1666666666667;;;;;;2666.66666666667;1.22;1.22;678.333333333333;16.2;;;135191.333333333;135191.333333333;469369.333333333;469369.333333333
3302-EAG-1;3302;2013-09-12;2013;;;6.33875;24516.25;3800;20500;77.5;20.35;0;0;-10;-10;85.726;85.726;;;1.4;0.74;235;;;;;;4100;0.2675;0.2675;707.5;18.2;;;136392.496;136392.496;465437.008;465437.008
3302-EAG-1;3302;2016-05-30;2016;11280;;1.224;9000;2840;24800;84.2;28.74;;;;;;;1.111;;0.74;0.63;228;;;0.0112;;2.5;2540;;;890;;;;;;;
3302-EAG-1;3302;2016-06-02;2016;8457.14285714286;;1.13657142857143;7428.57142857143;1371.42857142857;7514.28571428571;77.7142857142857;19.3857142857143;;;;;;;2.95714285714286;;0.914285714285714;0.201428571428571;170;;;0.0451428571428571;;2.5;5257.14285714286;;;962.857142857143;;;;;;;
3302-EAG-1;3302;2016-06-07;2016;10050;;1.189;17500;5000;20000;81.5;24.2;;;;;;;2.8;;0.8;0.805;230;;;0.087;;2.5;1300;;;370;;;;;;;
3302-EAG-1;3302;2017-06-08;2017;9866.66666666667;;1.24666666666667;8666.66666666667;3366.66666666667;9833.33333333333;79.3333333333333;30.4;;;;;;;2.63333333333333;;0.4;0.321666666666667;163.333333333333;;;0.0666666666666667;;2.5;4586.66666666667;;;1396.66666666667;15.3666666666667;;;;;;
3302-EAG-2;3302;2013-09-12;2013;;;7.6;4588;1925;5700;92.5;40.3;0;0;-10;-10;;;;;0.2;0.89;102.75;;;;;;870;0.4125;0.4125;370;18.05;;;136070.496;136070.496;465520.992;465520.992
3302-EAG-2;3302;2016-06-07;2016;13166.6666666667;;1.088;11666.6666666667;1600;4833.33333333333;66;16.3;;;;;;;0.89;;0.266666666666667;0.0766666666666667;51.6666666666667;;;0.0853333333333333;;2.5;3400;;;480;;;;;;;
3320-EAG-1;3320;2013-09-27;2013;;;6.505;10940;2750;7100;87;24.7;0;0;-10;-10;;;;;0.6;1.4;145;;;;;;7700;0.8;0.8;1950;15.4;;;130966;130966;469472;469472
3320-EAG-1;3320;2013-10-03;2013;;;5.715;49924.5;2400;1400;55;4.9;0;0;-10;-10;;;;;4.1;0.44;200;;;;;;30999.998;5.6;5.6;1550;10.7;;;130959;130959;469179.008;469179.008
3320-EAG-2;3320;2013-09-27;2013;;;5.8361;19656.1;1380;786;40.2;7.08;0;0;-10;-10;;;;;0.92;0.172;64.5;;;;;;19799.9992;0.616;0.616;1390;15.28;;;131397;131397;470260.2048;470260.2048
3320-EAG-4;3320;2013-09-27;2013;;;5.926;13429.7;1550;2280;52.4;15.68;0;0;-10;-10;;;;;0.46;0.04;54.7;;;;;;8780;0.56;0.56;1011;15.52;;;132364.2;132364.2;469053.4016;469053.4016
3360-EAG-10;3360;2013-09-13;2013;;;4.23683333333333;25743.6663333333;1716.66666666667;68.3333333333333;39.3333333333333;6.4;0;0;-10;-10;;;;;1.4;0.22;88;;;;;;33666.6666666667;1.96666666666667;1.96666666666667;2150;18;;;133560.666666667;133560.666666667;462418.656;462418.656
3360-EAG-10;3360;2017-06-12;2017;28000;;1.0424;17800;1620;55;37;8.62;;;;;;;2.44;;1.04;0.18;96.2;;;0.056;;2.5;34600;;;3220;17.22;;;;;;
3360-EAG-11;3360;2013-09-10;2013;;;8.9497;13985.3;7290;12160;96.7;57.39;0;0;-10;-10;;;;;0.36;0.263;173;;;;;;1133;0.93;0.93;568.5;14.14;;;134512.6016;134512.6016;461485.4016;461485.4016
3360-EAG-13;3360;2013-09-06;2013;;;5.78075;11135.25;875;505;36.5;7.55;0;0;-10;-10;;;;;0.85;0.21;59.25;;;;;;16500;1.245;1.245;1137.5;21.2;;;134268.004;134268.004;462604.496;462604.496
3360-EAG-13;3360;2017-06-09;2017;20900;;1.148;8033.33333333333;733.333333333333;113.333333333333;43.3333333333333;15.7333333333333;;;;;;;1.8;;0.533333333333333;0.115;49.6666666666667;;;0.0233333333333333;;2.5;13033.3333333333;;;1096.66666666667;16.8;;;;;;
3360-EAG-14;3360;2013-09-06;2013;;;5.68925;17976;975;40;36;5.45;0;0;-10;-10;;;;;7.15;0.76;321.75;;;;;;28500;1.25;1.25;1450;21.25;;;134090.996;134090.996;462914;462914
3360-EAG-15;3360;2017-06-08;2017;25000;;1.117;10000;1900;3200;61;17.3;;;;;;;2.9;;0.8;0.34;160;;;0.01;;2.5;6200;;;1200;17.7;;;;;;
3360-EAG-16;3360;2013-09-13;2013;;;5.973875;7081.625;637.5;1280;37.75;10.75;0;0;-10;-10;;;;;0.675;0.2975;64.25;;;;;;13850;0.6625;0.6625;1246.25;18;;;135064.5;135064.5;462303.496;462303.496
3360-EAG-16;3360;2017-06-09;2017;18000;;1.0525;7499.9995;750;960;45.5;12.15;40;;;;;;8.6;;0.6;0.7;75;24;;0.03;;2.5;10100;;;1220;19.05;;;;;;
3360-EAG-16;3360;2017-06-13;2017;21200;;1.0898;15709.9995;2000;2702;58;15.93;36;;;;;;4.3;;0.76;0.632;97.9;19.4;5.44;0.02;;2.5;17745.9988;;;2092;18.04;;;;;;
3360-EAG-16;3360;2017-06-15;2017;24250;;1.1842;13219.9992;1940;4350;76;16.88;35;;;;;;1.8725;;0.54;0.245;78;8;;0.03;;2.5;16359.9998;;;2500;21.2;;;;;;
3360-EAG-17;3360;2013-09-17;2013;;;4.84585714285714;11732.7856428571;1800;9071.42857142857;62.5714285714286;18.8;0;0;-10;-10;;;;;0.542857142857143;0.525714285714286;79.2142857142857;;;;;;8005.71428571429;0.535;0.535;728.571428571429;14.2571428571429;;;136955.284571429;136955.284571429;464483.574857143;464483.574857143
3360-EAG-17;3360;2016-05-30;2016;10000;;1.0965;27000;5400;10250;78.5;17.7;;;;;;;0.12;;1.8;0.27;360;;;0.005;;2.5;2050;;;400;;;;;;;
3360-EAG-17;3360;2016-05-31;2016;21822.2222222222;;1.13311111111111;13444.4444444444;2177.77777777778;11533.3333333333;69;16.2111111111111;;;;;;;2.09333333333333;;0.644444444444444;0.347222222222222;108.111111111111;;;0.0172222222222222;;2.5;4544.44444444444;;;668.888888888889;;;;;;;
3360-EAG-17;3360;2016-06-06;2016;9850;;1.12;11250;1675;14900;65.5;14.6;;;;;;;2.675;;0.55;0.73;81.75;;;0.068;;2.5;8175;;;952.5;;;;;;;
3360-EAG-17;3360;2017-06-06;2017;13000;;1.2175;9500;3300;26500;79;27.5;;;;;;;3;;0.85;1.7;280;;;0.025;;2.5;3850;;;1100;17.6;;;;;;
3360-EAG-18;3360;2013-09-17;2013;;;5.5975;8858.5;500;410;27;6.1;0;0;-10;-10;;;;;0.9;0.38;54;;;;;;15000;1.3;1.3;915;15.4;;;137102;137102;463911.008;463911.008
3360-EAG-19;3360;2017-06-06;2017;4050;;1.4255;2050;1650;5350;92.5;44.7;;;;;;;2.71;;0.2;0.74;120;;;0.03;;2.5;1700;;;1085;16.5;;;;;;
4140-EAG-3;4140;2017-11-06;2017;;8470;1.2345;11750;3675;11950;72.75;31.175;;;;;;;0.825;;0.275;1.23;98;;;0.005;13.75;;8575;4.25;;2625;10.475;;;;;;
4140-EAG-3;4140;2017-11-07;2017;;17000;1.074;20000;5100;1200;81;24.3;;;;;;;2;;0.5;0.37;140;;;0.005;50;;25000;1.9;;6500;9.8;;;;;;
4140-EAG-4;4140;2017-11-06;2017;;3250;1.1325;31500;7500;6550;71.5;24.15;;;;;;;1.87;;0.65;0.84;170;;;0.0175;35;;27000;31;;6600;12.05;;;;;;
4140-EAG-5;4140;2017-11-06;2017;;19650;1.481;7000;5650;995;97;56.15;;;;;;;3.635;;0.2;1.62;150;;;0.005;10;;5000;2.2;;4000;10.8;;;;;;
4210-EAG-2;4210;2013-09-14;2013;;;3.47375;15506.75;650;12.5;31;4.3;0;0;-10;-10;;;;;1.2;0.49;51;;;;;;23000;2.85;2.85;972.5;16.3;;;134782;134782;476691.504;476691.504
4210-EAG-3;4210;2013-09-14;2013;;;6.003375;16302.124875;1775;140;51.25;10.775;0;0;-10;-10;;;;;0.8;0.4025;81.625;;;;;;20499.9995;1.95;1.95;2237.5;15.825;;;134584.002;134584.002;476164.992;476164.992
4210-EAG-3;4210;2013-10-08;2013;;;7.567;21064.6666666667;1333.33333333333;60;47;6.86666666666667;-3.33333333333333;0;-13.3333333333333;-10;;;;1.5;1.06666666666667;0.91;69;30;2.1;;;;39666.6666666667;7.5;7.5;2633.33333333333;15.1;;;124560;124560;469921.984;469921.984
4210-EAG-4;4210;2013-09-14;2013;;;5.793;13006.9995;1700;1700;52;13;0;0;-10;-10;;;;;0.2;0.2;56;;;;;;10999.999;0.86;0.86;1450;16.2;;;136464;136464;475292.992;475292.992
4210-EAG-5;4210;2013-09-14;2013;;;6.16675;16091.25;1600;2120;60.5;12.8;0;0;-10;-10;;;;;0.6;1.535;73.5;;;;;;16900;1.75;1.75;1750;15.85;;;135586.504;135586.504;476224;476224
4210-EAG-5;4210;2013-10-02;2013;;;6.486;16759;3950;16000;85;23.9;0;0;-10;-10;188.066;188.066;;;1;2.6;240;;;;;;5300;2.8;2.8;1300;12.1;;;135758;135758;476143.008;476143.008
6100-EAG-1;6100;2013-10-14;2013;;;5.68433333333333;22629.7493333333;7216.6665;1616.66666666667;89.1666666666667;33.1166666666667;0;0;-10;-10;;;;;0.65;1.015;209.166666666667;;;;;;8549.99966666667;21.5233333333333;21.5233333333333;2570;9.76666666666667;;;119379.333333333;119379.333333333;493138.16;493138.16
