pol;EAG;GAF;KRW;watertype;bodem;a_inlaat1;a_inlaat2;a_inlaat3;a_inlaat4;a_inlaat5;a_uitlaat1;a_uitlaat2;a_uitlaat3;a_uitlaat4;a_tot;a_drain;a_verhard;a_gemengd;a_water;a_bodemhoogte;a_slootdiepte;wp_meting_gm3;wp_meting_mgm2d;jaar;maand;seiz;w_peil;w_volume;w_debiet;w_berging;w_sluitfout;w_maalstaat;w_i_neerslag;w_i_kwel;w_i_verhard;w_i_riol;w_i_drain;w_i_uitspoel;w_i_afstroom;w_i_inlaat1;w_i_inlaat2;w_i_inlaat3;w_i_inlaat4;w_i_inlaat5;w_o_verdamping;w_o_wegzijg;w_o_intrek;w_o_uitlaat1;w_o_uitlaat2;w_o_uitlaat3;w_o_uitlaat4;w_o_uitlaat5;wp_min_neerslag;wp_min_kwel;wp_min_verhard;wp_min_riol;wp_min_drain;wp_min_uitspoel;wp_min_afstroom;wp_min_inlaat1;wp_min_inlaat2;wp_min_inlaat3;wp_min_inlaat4;wp_min_inlaat5;wp_inc_neerslag;wp_inc_kwel;wp_inc_verhard;wp_inc_riol;wp_inc_drain;wp_inc_uitspoel;wp_inc_afstroom;wp_inc_inlaat1;wp_inc_inlaat2;wp_inc_inlaat3;wp_inc_inlaat4;wp_inc_inlaat5;namen;versie;naam;KRWnaam;agrarisch;p_i_redDAW;wp_min_sum;wp_inc_sum;wp_tot_sum;watdteF;watdte;kPDitch;PvskPDitch;Troebel.naar.helder..mg.P.m2.d.;P.load_year..mgP.m2.d.;Helder.naar.troebel..mg.P.m2.d.;lake.ditch.vollenweider;PvskPLake
2100-GAF_F001.xlsx;;;;M3;KLEI;inlaat;grondwatertoestroom;;;inlaat peilbeheer;;uitlaat2;uitlaat3;uitlaat4;701.26577523513;0;357.958083705499;0;36.2410633879001;-3.1;1.08;0.31027625246943;20.457409519766;2011.77777777778;6.16666666666667;;-2.00027865727414;398550.708907545;56.865502414689;-0.0409337707251807;2016.55764924325;-21722.0504164916;951.406603565836;72.4821267758003;7087.84800643149;0;0;4077.17295276247;0;7419.75308641975;1000;0;0;0;702.104824856521;72.4821267758003;128.542123303976;0;0;0;0;19705.4927672483;0;0.08;7.82300224534572;0;0;6.7500882782436;0;6.14199948302041;1.10372037298869;0;0;0;0.0525043425675795;0.04;39.1150112267286;0;0;6.7500882782436;0;4.09466632201361;1.24168541961228;0;0;0;;;;;0;0.67500882782436;21.8988103795984;51.2939555891657;73.1927659687641;;;;;;;;;
2120-GAF_F002.xlsx;;;;M1a;KLEI;Poel en dijkslek;Amstel;Westwijk;Inlaat (sluitfout);inlaat peilbeheer;uitlaat1;uitlaat2;uitlaat3;uitlaat4;1501.71198426781;73.5507375728607;230.396947081375;147.063715975571;99.7239065795898;-6.3;0.39;0.377498451395142;9.10055406821748;2012.5;6.5;;-5.89142650882817;407445.446645167;30.9691672524023;-1.09166871913236;-3406.53209287893;-25221.8147440862;2594.30932138917;263.051579960633;4538.48298819174;99.2098866343672;1321.3868547393;6479.22319146714;9072.29055630349;1043.81592936081;625;4833.89204836895;0;13.0010628469617;1972.18475942542;0;282.040154152835;0;0;0;0;28628.3468369652;0;0.0527559717590267;0.910209626529135;0.298453670851295;0.530018086960805;3.89829685600778;5.45844474056753;0.157005872287164;0.15668259032281;1.21181876396685;0;0.00260741146087886;0;0.0527559717590267;0.910209626529135;0.198969113900863;0.265009043480402;1.94914842800389;2.72922237028376;0.173753165331129;0.282028662581057;0.242363752793369;0;0.00216415151252945;;;;;1;0.389829685600778;12.6762935907133;6.80562428617517;19.4819178768884;;;;;;;;;
2120-GAF_F003.xlsx;;;;M1a;KLEI;Poel en dijkslek;Amstel;Westwijk;Inlaat (sluitfout);inlaat peilbeheer;uitlaat1;uitlaat2;uitlaat3;uitlaat4;1501.71198426781;73.5507375728607;230.396947081375;147.063715975571;99.7239065795898;-6.3;0.39;0.365995617374684;8.33983798350663;2013.5;6.5;;-5.89248084526312;406394.021163744;29.0145306776612;0.101152883683892;-2296.84443285673;-24042.2797412058;2655.3939557745;263.051579960633;4648.31532064406;74.4074149757754;1357.67535359114;6526.99883949546;9344.26285767337;583.361947020609;625;2472.70326246719;0;16.4875458621813;1980.95453576793;0;247.680520518173;0;0;0;0;26339.1241740625;0;0.0527559717590267;0.932236908896912;0.223840253138471;0.544573673518327;3.9270416071915;5.62207990731833;0.0877465545167488;0.15668259032281;0.619887283620833;0;0.00330663858400344;0;0.0527559717590267;0.932236908896912;0.149226835425647;0.272286836759163;1.96352080359575;2.81103995365916;0.0971061869985354;0.282028662581057;0.123977456724167;0;0.00274451002472285;;;;;1;0.39270416071915;12.170151388867;6.68692412642415;18.8570755152911;;;;;;;;;
2130-GAF_F001.xlsx;;;;M1a;KLEI;Legmeerdijksloot;Westwijk;inlaten UHP;Onbekend;inlaat peilbeheer;uitlaat1;uitlaat2;uitlaat3;uitlaat4;1119.53702679443;0;296.563980311203;100.838649894714;49.0230719493866;-6.3;0.45;0.457676612138534;22.4026815221729;2012.46478873239;6.42253521126761;;-5.82947679407321;230664.929780051;50.5968294185763;6.75475089731098e-14;-3497.99674928534;-20194.7069522258;1252.55690264507;140.476057683563;5672.90133392622;150.340076394893;0;5591.47162812064;5516.4789879123;423.921914284371;3688.37284686072;923.022877360597;1444.57746478873;0;983.519985392425;0;127.896403073559;0;0;0;0;23692.7037015111;0;0.0573101815523093;2.3143801921606;0.920016252042164;0;6.84347765953162;6.75169315412269;0.259421878777025;1.88093723026412;1.03555848779216;0.147336489467671;0;0;0.0573101815523093;2.3143801921606;0.613344168028109;0;3.42173882976581;3.37584657706135;0;0;0;0;0;;;;;1;0.684347765953161;20.2101315257104;9.78261994856817;29.9927514742785;;;;;;;;;
2140-GAF_F001.xlsx;;;;M10;VEEN;Bilderdam;Inlaten Amstel + dijkse kwel;gemiste inlaat;inlaat4;inlaat peilbeheer;uitlaten ZLP;uitlaat2;uitlaat3;uitlaat4;184.270934523773;0;5.98064751396179;0;33.2834876819611;-2.35;0.55;0.390123997269159;5.88195570623897;2012.5;6.5;;-1.83586640513733;171121.591714942;20.8585063217506;0.267944543369426;-50.0580057195015;-4973.20143914498;863.338655040629;0;117.068410887339;0;0;711.952664053311;36.2705277250685;4571.49257063845;625;4.13579691022041;0;13.1797569859197;658.767445032446;339.491574356003;171.187862531379;750;0;0;0;5023.25944486448;0.0518778959278681;0;0.0703462401572701;0;0;1.28343400341276;0.0871796323069263;2.06025249561636;0.75112320676506;0.00310649303773379;0;0.00989962133164825;0.0259389479639341;0;0.0703462401572701;0;0;0.641717001706381;0.0435898161534631;0;0;0;0;0;;;;;1;0.128343400341276;4.31721958855563;0.781592005981048;5.09881159453668;;;;;;;;;
2210-GAF_F002.xlsx;;;;M30;KLEI;inlaat1;inlaat1;inlaat1;inlaat1;inlaat peilbeheer;uitlaat1;uitlaat2;uitlaat3;uitlaat4;615.040103;170.765731586809;230.300234449153;0;45.6370524700149;-4.8;0.6;0.316469155911036;10.1888765896128;2012.38888888889;6.36111111111111;;-4.14282766537223;299914.083172497;33.1820034441357;11.0412223717773;5483.11387665743;-19830.1251632472;1142.93367487189;775.829891990252;4285.85749648817;0;5023.56327341643;3915.1039856356;0;0;0;0;0;0;807.318258184316;0;0;0;0;0;0;14347.0112865898;0;0.34;3.75647178292606;0;4.40305672827323;2.14469590701983;0;0;0;0;0;0;0.0500879707611632;0.509999999999999;18.7823589146303;0;6.60458509240984;0.85787836280793;0;0;0;0;0;0;;;;;0;0.214469590701983;10.6442244182191;26.8049103406092;37.4491347588284;;;;;;;;;
2220-EAG-1_F001a.xlsx;;;;;;inlaat1;inlaat1;Bronbemaling;inlaat1;inlaat peilbeheer;Bronbemaling;uitlaat2;uitlaat3;uitlaat4;272.407429642;18.20774948778;20.2308327642;0;70.099102;-19;0.6;0.0377989099195069;0.172640337014247;2014;6.5;;-2.67810941966389;11441498.7262382;12.2198987177268;1.59817367533741;-3136.42498448891;0;1775.41663375815;3504.9551;377.818504033122;0;221.331910489311;1777.3412932815;0;0;0;397.222222222222;0;511.953602651694;1410.96919727307;3294.657794;328.363242127129;397.222222222222;0;0;0;3136.42498448891;0;5;0.269488833133071;0;0.094722430462509;0.760640825305364;0;0;0;0.226663230135086;0;0.146065666476496;0.0506544758236175;0;0;0;0;0;0;0;0;0;0;0;;;;;;0.0760640825305364;6.49758098551253;0.0506544758236175;6.54823546133615;;;;;;;;;
2250-EAG-1_F001_speelversie.xlsx;;;;;;inlaat1;inlaat2;inlaat3;inlaat4;inlaat peilbeheer;uitlaat1;uitlaat2;uitlaat3;uitlaat4;98;2.5;0;0;73;-20.3;16.3;0.0720975007994381;0.103304935944579;2014;6.5;;-3.90119220275362;11971129.6919899;3.48208487173762;1.62333235371877;-992.301896974201;0;1848.88836756204;73;0;0;30.3311014954641;120.451984042589;158.385417028797;0;0;0;0;310.865086239577;1469.35907111811;73;8.88432062986812;0;0;0;0;992.301896974201;0;0.1;0;0;0.0166197816413502;0.0660010871466243;0.0867865298787929;0;0;0;0;0.106460645972458;0;0;0;0;0;0;0;0;0;0;0;0;;;;;;0.00660010871466243;0.375868044639225;0;0.375868044639225;;;;;;;;;
2280-EAG_F001.xlsx;;;;M3;KLEI;inlaat1;inlaat2;inlaat3;inlaat4;inlaat peilbeheer;de toekomst;ons lustoort richting Amstel???;Amsteglorie???;uitlaat4;893.112041851204;4.04809126749705;444.320662957539;0;43.9822521439624;-3.2;0.7;0.243726664346763;7.13396546060237;2012.81012658228;6.27848101265823;;-2.53039631882025;294506.779421732;37.8500790872839;15.9901926611156;-13122.8614025433;0;1147.03624595123;65.9733782159435;8549.96636178181;0;34.0569583891419;4516.78288334073;0.363825292650727;1750;0;0;0;733.890750323341;886.989759436141;-241.902386791793;2946.13713722405;99.9746835443038;0;0;0;13122.8614025433;0;0.03;0.194395828885618;0;0.0309733646905273;3.08086739298144;8.27209328571573e-06;0.994719412202855;0;0;0;0.417151643304426;0.0521590500730502;0.045;38.8791657771236;0;0.046460047035791;1.02695579766048;0.000496325597142944;0.397887764881142;0;0;0;0.166860657321771;;;;;1;0.308086739298144;4.74811591415816;40.614985419693;45.3631013338511;;;;;;;;;
2280-GAF_F001.xlsx;;;;M3;KLEI;inlaat1;inlaat2;inlaat3;inlaat4;inlaat peilbeheer;de toekomst;ons lustoort richting Amstel???;Amsteglorie???;uitlaat4;893.112041851204;4.04809126749705;444.320662957539;0;43.9822521439624;-3.2;0.7;0.243726664346763;7.13396546060237;2012.81012658228;6.27848101265823;;-2.53039631882025;294506.779421732;37.8500790872839;15.9901926611156;-13122.8614025433;0;1147.03624595123;65.9733782159435;8549.96636178181;0;34.0569583891419;4516.78288334073;0.363825292650727;1750;0;0;0;733.890750323341;886.989759436141;-241.902386791793;2946.13713722405;99.9746835443038;0;0;0;13122.8614025433;0;0.03;0.194395828885618;0;0.0309733646905273;3.08086739298144;8.27209328571573e-06;0.994719412202855;0;0;0;0.417151643304426;0.0521590500730502;0.045;38.8791657771236;0;0.046460047035791;1.02695579766048;0.000496325597142944;0.397887764881142;0;0;0;0.166860657321771;;;;;0;0.308086739298144;4.74811591415816;40.614985419693;45.3631013338511;;;;;;;;;
2330-EAG_F002.xlsx;;;;M8;VEEN;Inlaat1;Inlaat2;Inlaat3;Inlaat4;inlaat peilbeheer;uitlaat1;uitlaat2;uitlaat3;uitlaat4;864.667607954556;0;68.2103438304082;0;73.4606404832641;-3.2;0.5;0.260621437105308;9.51902369848748;2011.77777777778;6.16666666666667;;-2.46902489637048;536978.992899451;29.482311070355;24.4859833794178;6650.40092694859;-26278.7632347778;1842.42488011315;293.842561933056;1267.02493080966;0;0;11914.4808498136;0;6250;0;0;0;90.1213188816319;1423.15276816138;0;630.865448939876;0;0;0;0;19628.3623078292;0;0;0.155229035606963;0;0;9.73131797226403;0;0.42539787013046;0;0;0;0.00613398673689507;0.0501608716720322;0.08;3.44953412459918;0;0;9.73131797226403;0;3.82858083117414;0;0;0;0.0552058806320557;;;;;1;0.973131797226403;10.3180788647383;17.1947996803414;27.5128785450798;;;;;;;;;
2330-GAF_F002.xlsx;;;;M8;VEEN;Inlaat1;Inlaat2;Inlaat3;Inlaat4;inlaat peilbeheer;uitlaat1;uitlaat2;uitlaat3;uitlaat4;864.667607954556;0;68.2103438304082;0;73.4606404832641;-3.2;0.5;0.260621437105308;9.51902369848748;2011.77777777778;6.16666666666667;;-2.46902489637048;536978.992899451;29.482311070355;24.4859833794178;6650.40092694859;-26278.7632347778;1842.42488011315;293.842561933056;1267.02493080966;0;0;11914.4808498136;0;6250;0;0;0;90.1213188816319;1423.15276816138;0;630.865448939876;0;0;0;0;19628.3623078292;0;0;0.155229035606963;0;0;9.73131797226403;0;0.42539787013046;0;0;0;0.00613398673689507;0.0501608716720322;0.08;3.44953412459918;0;0;9.73131797226403;0;3.82858083117414;0;0;0;0.0552058806320557;;;;;1;0.973131797226403;10.3180788647383;17.1947996803414;27.5128785450798;;;;;;;;;
2400-EAG-6_F002.xlsx;;;;;;inlaat;variabele inlaat;;;inlaat peilbeheer;uitlaat1;uitlaat2;uitlaat3;uitlaat4;54.5379;0;33.7212;0;3.6354;-3.3;0.5;0.444610954656654;19.8445531104734;2014;6.5;;-2.78;18904.08;56.716099477911;0;-830.829536222876;-1153.30150200963;92.0746407045895;7.2708;629.75624813364;0;0;163.407333582075;67.5834046911737;1050;51.7646533084973;0;0;0;73.1740817416821;0;4.55196044578696;0;0;0;0;1984.13103823251;0;0.08;6.92915495553326;0;0;2.69693569206263;1.11542176417187;4.33239808549266;0.569562120355365;0;0;0;0.0506544758236175;0.04;34.6457747776663;0;0;2.69693569206263;1.11542176417187;12.997194256478;0.640757385399785;0;0;0;;;;;;0.269693569206263;15.7234726176158;52.1867383516022;67.910210969218;;;;;;;;;
2400-GAF_F001.xlsx;;;;M8;VEEN;Benningh;;Gebruiksinlaten;variabel;inlaat peilbeheer;uitlaat1;uitlaat2;uitlaat3;uitlaat4;1175.88352722926;0;48.8828701123971;0;60.8382753728893;-3.3;0.3;0.54326172090606;16.8198232046386;2012.39130434783;6.30434782608696;;-3.05045576982034;151818.405933856;32.9106029749803;-38.6551322927754;1050.01605129287;-19135.1483873313;1551.27883216193;0;914.307645354217;0;0;2112.87007029661;5358.61676739535;1822.32970456267;0;8000;183.184632230671;79.6556127954049;1240.14135112667;255.477228084568;402.837217254396;0;0;0;0;18085.1323360384;0.00254984024884639;0;0.601139752729841;0;0;2.08375736229841;5.28478172783633;1.19814685304162;0;5.25984666788562;0.0150550480850992;0.0392790290194029;0.0509968049769278;0;0.450854814547381;0;0;2.08375736229841;5.28478172783633;0;0;0.657480833485703;0.0150550480850992;0.0589185435291044;;;;;1;0.208375736229841;14.4845562811452;8.60184513475896;23.0864014159041;;;;;;;;;
2400-PRH-Benning.xlsx;;;;;;inlaat;;;;inlaat peilbeheer;Korenmolenweg - Gagelweg(Bijleveld);uitlaat2;uitlaat3;uitlaat4;54.5379;0;33.7212;0;3.6354;-3.6;0.8;0.52758127387919;15.3691483015129;2012.39130434783;6.30434782608696;;-2.78000639316033;29810.0475830493;34.8054420276034;-0.000135658172332997;-685.745792209879;-496.321173222912;92.6968924065617;7.2708;630.722597022641;0;0;158.758488105567;62.8247836758536;313.04347826087;0;0;0;0;74.0171530125357;0;9.23278536799351;0;0;0;0;1182.06696543279;0;0.08;6.93978761096595;0;0;2.6202094092353;1.03688370483336;1.29164663418415;0;0;0;0;0.0509968049769278;0.04;34.6989380548298;0;0;2.6202094092353;1.03688370483336;3.87493990255244;0;0;0;0;;;;;;0.26202094092353;11.9685273592188;42.3219678764278;54.2904952356466;;;;;;;;;
2500-EAG-5_F001.xlsx;;;;M20;;Inlaat kr. Mijdrecht;Inlaat wilnis veldzijde, oudhuizersluis, veldhuiswetering, gagel;inlaat 3;inlaat 4;inlaat peilbeheer:ringvaart;Uitlaat 1;Uitlaat 2;Uitlaat 3;Uitlaat 4;1316.20085303592;0;74.7084964308797;1;1012.9570979784;-10;7.85;0.0387981382488479;0.161649280645447;2012.64;6.32;;-2.05884401895535;80440503.1715284;9.41897185854723;147.524515799111;7417.98413496943;-40759.0376519018;26104.2308890964;0;1440.01670919021;15418.8562934689;4500;51.7850686128637;10.9605091660269;2880;44400;0;0;0;19240.1956522785;34440.5413312657;7931.58348485705;0;0;0;0;33341.0535169323;0;0;0.0127943724453651;0.182659537991185;0.0333182916308658;0.00306736003229829;0.000649218561451486;0.0199021262008372;0.30682444559624;0;0;0;0.0515406445962886;0;0.28431938767478;0.57842187030542;0.0444243888411544;0.00306736003229829;0.000649218561451486;0.0852948265750165;1.31496190969817;0;0;0;;;;;0;0.000306736003229829;0.559215352458243;2.36267960628458;2.92189495874282;;;;;;;;;
2500-EAG-6_F004.xlsx;;;;;;Inlaten vanuit kromme mijdrecht;Tweede bedijking;Veldhuisweg, Pomp bedrijf;Inlaten vanuit tussenboezem/ wilnis veldzijde;inlaat peilbeheer: Oudhuizersluis;Uitlaat 1;Uitlaat 2;Uitlaat 3;Uitlaat 4;292.437247321057;0;42.9550698683112;1;52.7612797975197;-2.55;0.4;0.580981027949927;16.718185662907;2012.64;6.32;;-2.11931437152822;227235.249485702;38.3273476236077;25.7257029139865;-11203.8080898292;-4155.52579636633;1359.67518524465;0;827.964974666975;0;0;492.618588670917;129.990109835883;2880;2298.68819664248;0;12301.3230154517;155.832113330707;1002.15235985298;1593.39064988509;2516.9409908237;0;0;0;0;15359.3338861956;0;0;0.141233965525474;0;0;0.560204669668466;0.147824439059942;0.545854841097958;0.87135422243891;0;4.66301161103754;0.0236282537389145;0.0515406445962886;0;3.13853256723275;0;0;0.560204669668466;0.147824439059942;2.18341936439183;0.435677111219455;0;6.99451741655631;0.0502100391951933;;;;;;0.0560204669668466;6.9531120025672;13.5619262519202;20.5150382544874;;;;;;;;;
2550-GAF_F002.xlsx;;;;M27;VEEN;part. inlaat;dijklek;Inlaat3;Inlaat4;inlaat peilbeheer;uitlaat1;uitlaat2;uitlaat3;uitlaat4;61.3573699683289;0;2.6185264968553;0;5.77167219994465;-3.3;0.42;0.433756467111213;10.9490410372963;2011.77777777778;6.16666666666667;;-2.81948936889862;27733.4985130568;24.0475777712438;-3.42780192294763;373.740467293399;-1645.29288657052;145.279033057513;34.6300331996679;48.859244912089;0;0;204.82945987513;642.074273264321;153.717999193504;150;0;0;8.55731748072326;111.815673168805;0;1.15146661407543;0;0;0;0;1271.55241927712;0;0;0.0761881806477191;0;0;2.12932529200561;6.67474781333367;0.585930015618268;1.03956007759026;0;0;0.0326181006221589;0.0503420942925022;0.12;1.69307068106042;0;0;2.12932529200561;6.67474781333367;0.34623137286534;1.16950508728904;0;0;0.0192743321858212;;;;;0;0.212932529200561;10.5383694798177;12.2024966730324;22.7408661528501;;;;;;;;;
2570-GAF_F002.xlsx;;;;M8;VEEN;Hoogland;Donkervliet;Vinkeveen;extra inlaat;inlaat peilbeheer;uitlaat1;uitlaat2;uitlaat3;uitlaat4;614.934119891563;0;49.9709048842229;0;34.5155616200131;-3.3;0.45;0.199677390908574;6.86087141733696;2011.77777777778;6.16666666666667;;-2.76585265850018;184363.954797033;36.2582733101617;-27.603482207425;-424.914616752777;-11222.120430416;865.665328554799;103.546684860039;928.222594227753;0;0;4577.61712117815;2704.80592816667;1500;1500;300;30;4.88900973421065;668.669871934443;0;171.438265410953;0;0;0;0;11647.0350471688;0;0.06;0.242035851539089;0;0;7.9574839399813;4.70188946877517;0.434586583441324;0.434586583441324;0.0434586583441324;0.00869173166882649;0.00141646535786799;0.0501608716720322;0.06;5.37857447864643;0;0;7.9574839399813;4.70188946877517;0.434586583441324;0.434586583441324;0.0434586583441324;0.017383463337653;0.00141646535786799;;;;;1;0.79574839399813;13.884149282549;19.0795405129972;32.9636897955463;;;;;;;;;
2600-GAF_F002.xlsx;;;;M10;VEEN;dijkslek;gebruiksinlaten;bemeten blokbemalingen;inlaat4;inlaat peilbeheer;uitlaat1;uitlaat2;uitlaat3;uitlaat4;857.391590795893;729.330404267386;60.0863852757044;0;67.9748012528026;-6.51;0.51;0.368009710966329;15.4958315145772;2011.77777777778;6.16666666666667;;-5.93112656069466;393488.069873069;50.0982849336879;-48.7274560951988;-2506.35536289395;-30182.2383971534;1713.13451084317;135.949602505605;1138.31444508681;0;10715.6713703419;60.0863852757043;0;1200;1750;17218.6653967099;0;122.387903974027;1316.88839859456;0;0;0;0;0;0;32688.5937600473;0;0.08;0.669844956723506;0;6.30567279218051;0.0530370527033151;0;0.26480401072534;1.02979337504299;10.1323814586365;0;0.0540146797276504;0.0504049877092517;0.04;3.34922478361753;0;9.45850918827077;0.0530370527033151;0;0.794412032176021;1.15851754692336;1.26654768232956;0;0.0810220195914756;;;;;1;0.00530370527033151;18.5895483257398;16.2516752933213;34.8412236190611;;;;;;;;;
2610-GAF_F002.xlsx;;;;M8;VEEN;hoogwatervoorziening;tolhuiskade;dijklek;kassen;inlaat peilbeheer;uitlaat1;uitlaat2;uitlaat3;uitlaat4;260.607258485936;0;68.4702408732405;0;33.6488364144799;-2.6;0.5;0.95810537869826;13.3420871328351;2011.77777777778;6.16666666666667;;-2.05892858172609;182064.236420495;18.4914643217497;-13.8681677118567;311.186009918269;-4894.4148939676;843.078295660628;0;1294.33825798646;0;0;2359.24765873919;0;0;0;1000;50;675.4983678812;652.476633442625;67.2976728289598;905.29122223471;0;0;0;0;4583.22888404933;0;0;1.53864251594682;0;0;8.4136555440257;0;0;0;1.18874838663922;0.445780644989707;0.602248196247152;0.0501103981888557;0;7.69321257973411;0;0;4.20682777201285;0;0;0;0.148593548329902;0.00742967741649512;0.903372294370728;;;;;1;0.84136555440257;12.1890752878486;13.0095462700529;25.1986215579015;;;;;;;;;
2620-GAF_F001.xlsx;;;;M10;VEEN;inlaat Kade;gebruiksinlaten incl. Jonkermolen;dijkslek (incl Jmolen);variabele inlaten;inlaat peilbeheer;naar hoogwatervoorziening zevenhoven;naar Noordse Buurt;naar hwater zevenhoven uit Jmolen;uitlaat4;455.127817552224;0;27.0853856270748;0;87.6862093041684;-2.5;0.51;0.249189964157706;1.7755009480846;2012.39130434783;6.30434782608696;;-2.00669509588166;432560.370732938;13.7418040904632;2.63545566680536;465.69263229463;-5475.933079025;2273.59652797061;0;526.296898877292;0;0;719.36233263507;1942.00704743964;0;4500;700;285.339241684385;1103.06504832532;1786.32425660717;298.983363414508;130.667529325322;2565.21739130435;2260.86956521739;0;0;5010.24044673037;0;0;0.240081948143822;0;0;0.492229511352048;1.32883407517582;0;0.769790375654786;0.319320452123467;0.0488114226767277;0.188695301760447;0.0518575622327085;0;1.20040974071911;0;0;0.492229511352048;1.32883407517582;0;2.56596791884929;0.0399150565154334;0.146434268030183;0.566085905281341;;;;;1;0.0492229511352048;3.38776308688712;6.39173403815593;9.77949712504306;;;;;;;;;
2620-GAF_F002.xlsx;;;;M10;VEEN;inlaat Kade;gebruiksinlaten incl. Jonkermolen;dijkslek (incl Jmolen);variabele inlaten;inlaat peilbeheer;naar hoogwatervoorziening zevenhoven;naar Noordse Buurt;naar hwater zevenhoven uit Jmolen;uitlaat4;455.127817552224;0;27.0853856270748;0;87.6862093041684;-2.5;0.51;0.249189964157706;1.7755009480846;2012.39130434783;6.30434782608696;;-2.00669509588166;432560.370732938;13.7418040904632;2.63545566680536;465.69263229463;-5475.933079025;2273.59652797061;0;526.296898877292;0;0;719.36233263507;1942.00704743964;0;4500;700;285.339241684385;1103.06504832532;1786.32425660717;298.983363414508;130.667529325322;2565.21739130435;2260.86956521739;0;0;5010.24044673037;0;0;0.240081948143822;0;0;0.492229511352048;1.32883407517582;0;0.769790375654786;0.319320452123467;0.0488114226767277;0.188695301760447;0.0518575622327085;0;1.20040974071911;0;0;0.492229511352048;1.32883407517582;0;2.56596791884929;0.0399150565154334;0.146434268030183;0.566085905281341;;;;;1;0.0492229511352048;3.38776308688712;6.39173403815593;9.77949712504306;;;;;;;;;
2630-GAF_F001.xlsx;;;;M8;VEEN;Noordse Dorp - serie + berekening;Dijkse kwel;inlaat Nieuwkoop (kassen + voeding hw-voorz);extra inlaat;inlaat peilbeheer;uitlaat1;uitlaat2;uitlaat3;uitlaat4;233.080999954665;0;25.050273929994;0;41.4426055618281;-4.55;0.5;0.526958423692058;7.0400092380737;2012.39130434783;6.30434782608696;;-4.0400004677485;211357.094518157;16.4384894460958;4.3086549686609e-14;36.9534527955811;-5996.95507825158;1075.16779887464;1.11879485670645;487.010120619855;0;0;1353.93752835705;697.31947524885;158.732847003066;500;1039.25177650806;1500;0;843.461452901587;0;9.07526311064302;0;0;0;0;5960.001625456;0;0.00107984991922124;0.47005743390655;0;0;2.61361467987261;1.34609195690367;0.383018501976796;0.482595139201904;2.50768927874866;0.723892708802855;0;0.0518870753563311;0;0;0;0;0;0;0;0;0;0;0;;;;;1;0.261361467987261;8.52803954933227;0.0518870753563311;8.5799266246886;;;;;;;;;
3020-GAF_F002.xlsx;;;;M10;VEEN;dijkse kwel en sluislek;Inlaat2;Inlaat3;Inlaat4;inlaat peilbeheer;uitlaat1;uitlaat2;uitlaat3;uitlaat4;61.52562;0;11.0633963662664;0;9.268309124606;-1.7;0.45;0.438979554435972;4.10924362465962;2012.04918032787;6.40983606557377;;-1.21304150776999;45132.818368398;18.6611116652567;0.668190508515197;360.131402801872;-1807.54526836472;231.567013263079;9.868689124606;204.255690244138;0;0;575.272532903078;4.86511036551597;700;0;0;0;3.74047932348842;178.130791063677;0;104.693049105897;0;0;0;0;1447.41386556285;0;0;0.198342673672463;0;0;3.72412610651373;0.0314951322842685;0;0;0;0;0;0.0499696352699981;0.0212955545438295;4.40761497049918;0;0;3.72412610651373;0.0314951322842685;0;0;0;0;0;;;;;0;0.372412610651373;3.95396391247047;8.23450139911101;12.1884653115815;;;;;;;;;
3050-EAG-1_F001.xlsx;;;;M8;VEEN;part. inlaat;dijklek;Inlaat3;Inlaat4;inlaat peilbeheer;uitlaat1;uitlaat2;uitlaat3;uitlaat4;39.83942;0;15.59005;10;0.80722;-2.65;0.5;0.301360405410774;32.8279498376498;2012.85;6.3;;-2.10875;4369.07825;121.996096684137;-0.162745967741935;-962.56496109931;0;20.6274615440086;24.2166;291.644691739294;0;0;147.691279230829;49.5479561734385;0;450;0;0;0;16.4286589014346;0;4.57162271908404;0;0;0;0;962.56496109931;0;0;3.25165658141974;0;0;10.977771554037;3.68285891133311;0;22.2987537474294;0;0;0;0.0511074094893797;0.6;72.2590351426609;0;0;10.977771554037;3.68285891133311;0;25.0860979658581;0;0;0;;;;;1;1.0977771554037;40.2110407942193;112.656870983379;152.867911777598;;;;;;;;;
3050-EAG-2_F001.xlsx;;;;M1a;KLEI;inlaat;variabele inlaat;via de sportvelden;Inlaat4;inlaat peilbeheer;uitlaat1;uitlaat2;uitlaat3;uitlaat4;77.45652;0;3.4266;50;2.81832;-2.65;0.5;0.183173121921182;9.51806944824433;2012.85;6.3;;-2.10877196828671;15253.5378633821;60.0695083460934;-0.568209677419355;-305.878929111134;-1338.79551477005;72.0185171560543;84.5496;64.1017636706658;0;0;233.055600371418;78.1862594278823;442.8;102.811715914222;632.292038083946;0;0;57.3588587437019;0;7.21398232188475;0;0;0;0;1644.67444388118;0;0;0.20470204697692;0;0;4.96158563338624;1.66452906897476;1.15479434556757;1.45919151713392;8.97402762048236;0;0;0.0511074094893797;0.6;4.54893437726488;0;0;4.96158563338624;1.66452906897476;1.5711487694797;1.64159045677566;1.12175345256029;0;0;;;;;0;0.496158563338624;18.4188302325218;16.1606491679309;34.5794794004527;;;;;;;;;
3070-GAF_F002.xlsx;;;;M1a;KLEI;inlaat vecht;inlaat2;inlaat3;inlaat4;inlaat peilbeheer;uitlaat1;uitlaat2;uitlaat3;uitlaat4;755.782007593556;0;62.5092685669689;62.5092685669689;37.8851934040658;-2.2;0.5;0.207036234656183;5.38707808104682;2011.77777777778;6.16666666666667;;-1.85006887375584;132572.083958625;52.1232483901109;-45.0319856263089;-6134.09199092586;-9678.52557898449;933.419426847571;75.7703868081316;1141.07173364;0;0;14273.7384920032;0.487044555815599;689.264020488515;0;0;0;2633.2423567319;733.956859789545;0;3155.3870457489;0;0;0;0;15812.6175699104;0;0.04;0.271072803911247;0;0;7.53525966715605;0.000385674068458099;0.345676376773527;0;0;0;1.32061104306087;0.0492762128408402;0.03;6.0238400869166;0;0;2.63734088350462;0.000192837034229049;0.363869870287923;0;0;0;1.39011688743249;;;;;1;0.753525966715605;9.51300556497015;10.4946367780167;20.0076423429869;;;;;;;;;
3100-GAF_F001.xlsx;;;NL11_4_1;M14;KLEI;evt opgedrukte inlaat (defo);in2;in3;in4;inlaat peilbeheer;evt opgedrukte molen;lek aalscholverkolonie?????;uit3;uit4;631.3738161166;0;0;0;207.857802695183;-2;0.9;0.0357496266427718;0.176187948251729;2012.5;6.5;;-0.972375484586338;2135997.73769586;6.79939520359226;-16.0103795851878;-857.878982258541;0;5281.19192503476;721.653769132707;0;0;0;3461.88633272305;1781.70016341238;0;0;0;0;2886.64127644561;4109.41838561051;4781.51868033189;1394.70673573745;2973.54030322492;0;0;0;857.878982258541;0;0.0694372556406739;0;0;0;0.333101407581009;0.171434523054705;0;0;0;0;0.0694378858771731;0.0508154310933371;0.0347186278203369;0;0;0;0.166550703790504;0.0857172615273527;0;0;0;0;0;;;;;0;0.0333101407581009;0.643411072153561;0.337802024231531;0.981213096385092;;;;;;;;;
3200-GAF_F001.xlsx;;;;M20;;Blijkpolder;Googstuw/afvoer SAP;overschot HAP;overschot PKH;inlaat peilbeheer;opmaling naar/inlaat van SAP;inlaat Blijkpolder;;;369.308624866596;0;20.8958193139544;0;254.814701994886;-16.5;14.78;0.018561966581313;0.10567835426715;2012.81012658228;6.27848101265823;;-1.73065574119412;37634460.559675;7.25703978822375;74.0856410399103;1051.87622554947;-5346.66810911226;6502.46274572268;0;392.493156960222;0;0;305.759543545493;3.22396883753429;1085.74428167814;2988.4993360277;0;0;7374.24163946606;5139.358162256;4331.84993391306;1057.60796840884;3651.70503528132;251.197329855731;0;0;4294.79188356279;0;0;0.0138627731641359;0;0;0.0719957383506773;0.000759132533318033;0.0468700863998782;0.175921913804311;0;0;0.434094358473126;0.0510367941474051;0;0.308061625869688;0;0;0.0719957383506773;0.000759132533318033;0.0560310578325816;0.234562551739081;0;0;0.144698119491042;;;;;0;0.00719957383506773;0.743504002725447;0.867145019963793;1.61064902268924;;;;;;;;;
3201-EAG-1_F001.xlsx;;;;M27;VEEN;Spplas;Inlaat2;Inlaat3;Inlaat4;inlaat peilbeheer;Aflaat Spplas;naar EAG2;uitlaat3;uitlaat4;201.78393;0;0;0;98.489599;-2.8;1.43;0.0294780679296808;0.00168752029940583;2012.5;6.5;;-1.37538724658427;1403095.38814201;7.83985385888798;-4.30412046581073;-59.8439130537738;0;2477.56812928287;0;0;0;0;623.828947663223;0;3649.68439227007;0;0;0;970.359158588635;1947.68488878489;1181.875188;607.720428743514;1994.9344325695;1925.07765618732;0;0;59.8439130537736;0;0;0;0;0;0.126679152722152;0;0.0370565463696331;0;0;0;0.0098524023698039;0.0503112644266704;0;0;0;0;0.126679152722152;0;0.0370565463696331;0;0;0;0.0098524023698039;;;;;0;0.0126679152722152;0.173588101461589;0.223899365888259;0.397487467349848;;;;;;;;;
3201-EAG-1+2_SAP_Zuid_van_Bergse_Pad_2015_uitwisseling.xlsx;;;NL11_6_3;M27;VEEN;Inlaat vanuit EAG3;Inlaat vanuit EAG1;inlaat Spplas;;inlaat peilbeheer;Aflaat Spplas;Uitlaat naar EAG1;Uitlaat naar EAG3;uitlaat4;256.14811;0;0;0;126.182955;-2.5;1.13;;;2012.5;6.5;;-1.37993429916125;1413331.9992598;13.8198158182547;12.6096592503644;1.06722255155349e-14;0;3174.21200757183;0;0;0;0;623.828947663223;0;3110.56947060796;132.238272073935;10397.4032771142;0;0;2495.33592552979;8719.2421905;2105.43214376435;1209.05337704745;2514.82145694567;406.976540494297;0;0;0.150933793280011;0;0;0;0;0.0988768962754475;0;0.345117710934186;0.00314396517518397;0.164798855393967;0;0;0.0503112644266704;0;0;0;0;0.0988768962754475;0;0.246512650667276;0.00419195356691196;0.0823994276969837;0;0;;;;;0;0.00988768962754475;0.762871221058797;0.48229219263329;1.24516341369209;;;;;;;;;
3201-EAG-2_F001.xlsx;;;;M27;VEEN;Inlaat vanuit EAG3;Inlaat vanuit EAG1;inlaat Spplas;Inlaat4;inlaat peilbeheer;Aflaat Spplas;Uitlaat naar EAG3;uitlaat3;uitlaat4;54.36421;0;0;0;27.693386;-2.5;1.13;0.0187009941969619;0.100922382146462;2012.5;6.5;;-1.3761775183979;311224.497784849;20.8664231831581;2.57457012813359;-1261.28010531547;0;696.644632957926;0;0;0;0;0;0;3109.5564813112;0;694.3462028187;0;1278.07179941762;547.651630011073;1913.6129726;1497.71171502083;560.937263686205;0;0;0;1261.28010531547;0;0;0;0;0;0;0;1.23513684077574;0;1.00290546315817;0;0.0461507956960415;0.0503112644266704;0;0;0;0;0;0;1.47654995056373;0;0.125363182894771;0;0.184603182784166;;;;;0;0;2.28419309962996;1.83682758066934;4.1210206802993;;;;;;;;;
3201-EAG-3_F001.xlsx;;;;M8;VEEN;Inlaat sGravelandseVaart;Inlaat2;Inlaat3;Inlaat4;inlaat peilbeheer;uitlaat1;uitlaat2;uitlaat3;uitlaat4;236.792135;0;24.2182915;0;20.251986;-2.1;0.73;0.0896621863799283;1.42401953913575;2012.5;6.5;;-1.36456733726699;148939.719896116;22.9160046262016;0.102658370088402;-3110.56947060796;0;509.451511405614;174.1670796;449.976061142461;0;0;1600.37485601533;0;1500;0;0;0;406.976540494298;400.504763080858;168.0914838;961.882989538972;0;0;0;0;3110.56947060796;0;0;0.199969748659818;0;0;1.58046213938261;0;0.814734910442857;0;0;0;0.0200956360770888;0.0503112644266704;0.172;1.1109430481101;0;0;1.58046213938261;0;0.973978552029416;0;0;0;0.0803825443083553;;;;;1;0.158046213938261;2.61526243456237;3.96807754825715;6.58333998281952;;;;;;;;;
3210-GAF_F002.xlsx;;;;;;inlaatVecht;Inlaat2;variabel deel;inlaat na 1/12/2009;inlaat peilbeheer;uitlaat1;uitlaat2;uitlaat3;uitlaat4;249.487103126626;0;25.2653814679667;0;16.0021869270151;-2.7;0.55;0.309771180451334;11.2474202741905;2014;6.5;;-2.16315231018048;85907.3708382817;37.4548212112637;-6.23331610501671e-14;-979.681828841491;-4435.37298777424;394.946059690129;0;458.096925095793;0;0;2329.15044481928;0;1750;0;91.0746695869559;947.431302270012;22.8911019435494;322.095322177224;32.0043738540303;224.435990758741;0;0;0;0;5415.05481661573;0;0;1.1450857990477;0;0;8.73312049950065;0;2.73400130866742;0;0.142284723335537;0;0.0357624586688591;0.0493615105849533;0;5.72542899523848;0;0;0;0;0.546800261733484;0;0.0284569446671075;0;0.00715249173377182;;;;;;0.873312049950065;12.7902547892202;6.3572002039578;19.147454993178;;;;;;;;;
3210-GAF_F003.xlsx;;;;;;inlaatVecht;Inlaat2;variabel deel;inlaat na 1/12/2009;inlaat peilbeheer;uitlaat1;uitlaat2;uitlaat3;uitlaat4;249.487103126626;0;25.2653814679667;0;16.0021869270151;-2.7;0.55;0.357086180166872;12.9933548571307;2014;6.5;;-2.16310273287926;85915.3042906969;41.3132690028669;2.1174539221541e-14;-216.884928471942;-5626.81357532473;394.946059690129;0;458.096925095793;0;0;2559.63441645298;0;1750;0;176.826317228771;1250;21.5228130316736;322.095322177224;32.0043738540303;413.228331671425;0;0;0;0;5843.69850379667;0;0;1.1450857990477;0;0;9.59731727217274;0;2.73400130866742;0;0.276253361548744;0;0.0336247994255999;0.0493615105849533;0;5.72542899523848;0;0;0;0;0.546800261733484;0;0.0552506723097487;0;0.00672495988511998;;;;;;0.959731727217274;13.7862825408622;6.38356639975179;20.169848940614;;;;;;;;;
3230-EAG-1_F001.xlsx;;;;M27;VEEN;H. Kanaal;Moleneind;Inlaat3;Inlaat4;Inlaat Peilbeheer;H. Kanaal;Moleneind;Uitlaat3;Uitlaat4;248.7997;0;16.19655;0.85245;43.9246379818;-2.1;0.88;;;2012.96385542169;6.43373493975904;;-1.21092293999119;390523.879988103;12.1716083743662;0.267300058845898;-1.02675943573472e-14;0;1121.60993073724;159.043341609007;304.034687458861;1.43910037915307;0;3150.92303516863;8.38909635864082;600.895723291299;0;0;0;0;881.639181895128;82.2842018917548;501.765702936505;3848.83274935293;32.0803789853504;0;0;0;0.153209221376209;0.0724164609734091;0.13843469243154;0.00982888268594966;0;2.86939010081239;0.0114593040408667;0.136801521846195;0;0;0;0;0.0510697404587363;0.0724164609734091;1.3843469243154;0;0;1.4346950504062;0.00763953602724449;0.0533525887295371;0;0;0;0;;;;;0;0.286939010081239;3.39154018416656;3.00352030091053;6.39506048507709;;;;;;;;;
3230-EAG-2_F001.xlsx;;;;M20;;Inlaat N201 (Hilversumsch Kanaal);Inlaat Moleneind;Inlaat3;Inlaat4;Inlaat Peilbeheer;Uitlaat N201 (Hilversumsch Kanaal);Uitlaat Moleneind;uitlaat3;uitlaat4;401.3297;0;16.7363;0;293.045411384;-18;16.78;;;2012.96385542169;6.43373493975904;;-1.22604314452306;49155310.8725071;4.91554640662375;32.7676919148508;-1.82048456796439e-14;0;7482.87655100224;10.3016579283334;314.166642878745;0;0;474.390621173309;0;6090.96733709401;32.0803789853504;0;0;0;5881.89974059118;5968.84450822908;1192.78525418914;1394.02137796744;0;0;0;0;0.153209221376209;0;0.00964867449230801;0;0;0.0971297831826505;0;1.24710377992151;0.000897673550674701;0;0;0;0.0510697404587363;0.000703075873440952;0.214414988717956;0;0;0.0971297831826505;0;1.24710377992151;0.000284628197005066;0;0;0;;;;;0;0.00971297831826505;1.50798913252335;1.6107059963513;3.11869512887465;;;;;;;;;
3230-EAG-3_F001.xlsx;;;;M27;VEEN;Inlaat sGravelandseVaart doorspoel Hmeer;inlaat Hmeer (Anko zuid);part.inlaat 'sGravelandsevaart (lek en schutverlies sluis 'sgravelandsevaart?);inlaat Wijde Blik via Vreeland;inlaat peilbeheer;uitlaat naar Hmeer (doorspoel Hmeer);lek en schutverlies sluis 'sgravelandsevaart?;uitlaat3;uitlaat4;334.57567691;0;0;0;110.850257;-2.22;1;0.0506019523314008;0.0587532491451488;2012.09677419355;6.33870967741935;;-1.2303756340718;1097001.15296604;17.9112775667817;-1.38569153185248;-1023.31419592563;0;2777.83293907085;0;0;0;0;0;0;0;8658.0533633368;0;0;8418.81091235323;2114.1378118492;6484.7400345;10231.1194809542;0;0;0;0;1023.31419592563;0;0;0;0;0;0;0;0;1.17158772532257;0;0;1.13921399104468;0.0501186558200014;0;0;0;0;0;0;0;1.56211696709676;0;0;0.379737997014893;;;;;0;0;2.31080171636725;1.99197361993165;4.3027753362989;;;;;;;;;
3230-EAG-4-5_F001.xlsx;;;;M8;VEEN;;;part.inlaat 'sGravelandsevaart (lek en schutverlies sluis 'sgravelandsevaart?);;inlaat peilbeheer;uitlaat naar Hmeer (doorspoel Hmeer);lek en schutverlies sluis 'sgravelandsevaart?;uitlaat3;uitlaat4;371.0419;0;38.63215092;0;49.107309;-2.22;1;0.0506019523314008;1.27996397437838;2012.09677419355;6.33870967741935;;-1.19907837378037;501347.137635499;26.5656768892624;0.0384980406842933;-12109.1521810515;0;1230.59615900873;834.824253;719.959412646863;0;0;1993.91958022432;6368.09700745876;0;0;1898.29262561301;0;0;936.57535494088;0;0;0;0;0;0;12109.1521810515;0;0;0.131948478663772;0;0;2.43619895387588;7.78063038330049;0;0;0.46387211947118;0;0;0.0501186558200014;0.34;2.93218841475049;0;0;2.43619895387588;7.78063038330049;0;0;0.309248079647453;0;0;;;;;1;0.243619895387588;10.8126499353113;13.8483844873943;24.6610344227056;;;;;;;;;
3300-EAG-5-10_F001.xlsx;3300-EAG-10;;;M10;VEEN;Dispersie in;Tienhovense Plassen;Nedereindsche Vaart;van de hei (1 emmer/s);inlaat peilbeheer;Dispersie uit;Tienhovense Plassen;Nedereindsche Vaart;Uitlaat4;373.550582653818;0;0;0;199.357942712859;-2.56;1.45;0.0474348045237129;0.162806847638243;2012.14285714286;6.28571428571429;;-1.06684648340589;2976720.13222673;9.55095318729944;268.445932645326;-6698.10767293711;0;4970.96253688649;0;0;0;0;961.534439963936;204.148806735484;0;2545.45977724376;2578.70574045471;864;6915.77248238405;3792.68162425746;3708.80350469474;303.794360308899;0;3025.73911295299;1779.90344116255;0;6698.10767293711;0;0;0;0;0;0.0482315591182068;0.010240314680089;0;0.0638414437520068;0.129350539304516;0.043339131024463;0.10407068394077;0.0498697214592177;0;0;0;0;0.0964631182364137;0.020480629360178;0;0.0638414437520068;0.129350539304516;0.043339131024463;0.173451139901284;;;;;1;0.00482315591182068;0.399073671820052;0.576795723038079;0.97586939485813;(0.3,0.5];0.4;13.605;0.0293328681969902;;;;;
3300-EAG-9-10-11-12.xlsx;3300-EAG-10;;NL11_6_1;M10;VEEN;inlaat1;inlaat2;inlaat3;inlaat4;inlaat peilbeheer;uitlaat1;uitlaat2;uitlaat3;uitlaat4;1546.2026;15.5987784;0;0;108.234182;-3.1;1.99;;;2013.38709677419;6.35483870967742;;-1.09061991757883;2174836.09547948;20.0854587933665;7.52358800215466;-17565.8992456129;0;2815.51279913681;0;0;0;121.617870295109;12239.5062117673;5316.31464068437;0;0;0;0;1246.38050406374;2181.18367287803;541.17091;1458.60178545854;0;0;0;0;17565.8992456129;0;0;0;0;0.0449461964964484;2.26167112562781;0.982372581830825;0;0;0;0;0.0690935422266365;0.0520263145544318;0;0;0;0.0674192947446725;2.26167112562781;0.982372581830825;0;0;0;0;0;;;;;1;0.226167112562781;3.35808344618172;3.36348931675774;6.72157276293947;(0.3,0.5];0.4;14.09;0.238330975598419;;;;;
3300-EAG-9-10-11-12.xlsx;3300-EAG-11;;NL11_6_1;M10;VEEN;inlaat1;inlaat2;inlaat3;inlaat4;inlaat peilbeheer;uitlaat1;uitlaat2;uitlaat3;uitlaat4;1546.2026;15.5987784;0;0;108.234182;-3.1;1.99;;;2013.38709677419;6.35483870967742;;-1.09061991757883;2174836.09547948;20.0854587933665;7.52358800215466;-17565.8992456129;0;2815.51279913681;0;0;0;121.617870295109;12239.5062117673;5316.31464068437;0;0;0;0;1246.38050406374;2181.18367287803;541.17091;1458.60178545854;0;0;0;0;17565.8992456129;0;0;0;0;0.0449461964964484;2.26167112562781;0.982372581830825;0;0;0;0;0.0690935422266365;0.0520263145544318;0;0;0;0.0674192947446725;2.26167112562781;0.982372581830825;0;0;0;0;0;;;;;1;0.226167112562781;3.35808344618172;3.36348931675774;6.72157276293947;(0.3,0.5];0.4;14.09;0.238330975598419;;;;;
3300-EAG-9-10-11-12.xlsx;3300-EAG-9;;NL11_6_1;M10;VEEN;inlaat1;inlaat2;inlaat3;inlaat4;inlaat peilbeheer;uitlaat1;uitlaat2;uitlaat3;uitlaat4;1546.2026;15.5987784;0;0;108.234182;-3.1;1.99;;;2013.38709677419;6.35483870967742;;-1.09061991757883;2174836.09547948;20.0854587933665;7.52358800215466;-17565.8992456129;0;2815.51279913681;0;0;0;121.617870295109;12239.5062117673;5316.31464068437;0;0;0;0;1246.38050406374;2181.18367287803;541.17091;1458.60178545854;0;0;0;0;17565.8992456129;0;0;0;0;0.0449461964964484;2.26167112562781;0.982372581830825;0;0;0;0;0.0690935422266365;0.0520263145544318;0;0;0;0.0674192947446725;2.26167112562781;0.982372581830825;0;0;0;0;0;;;;;1;0.226167112562781;3.35808344618172;3.36348931675774;6.72157276293947;(0.5,0.7];1.1;8.72;0.385101312635519;;;;;
3300-GAF_F001.xlsx;;;;M27;VEEN;Tienhovens + NP;Gansenhoef;Bethune;Sluislek;inlaat peilbeheer;naar Loenderveen - duikerC;naar Beringde Landen;naar Noorderpark;naar Tienhovense Plassen;3449.9948;0;267.983284551953;0;1629.2312;-3;1.89;0.0368854154385569;0.152693655100301;2012.09677419355;6.33870967741935;;-1.11623908760944;30690820.5180716;5.69841193802916;232.313724759483;-1956.70351556218;-29514.1928721292;40379.1137071494;0;4910.00429928589;0;0;11666.1522561357;5273.85361251038;4651.65324702227;429.550383443333;8119.36208493308;324;17086.6156084157;31072.722584346;23920.5419027273;2018.04603822329;0;0;1731.82624628105;2858.58576438622;31470.8963876914;0;0;0.0904108201331871;0;0;0.143210518631558;0.0647403955007783;0.0142756081734203;0.0105460878343929;0.199342170342259;0.00357960245298519;0.0629251966513372;0.0495683040039368;0;0.0904108201331871;0;0;0.143210518631558;0.0647403955007783;0.0285512163468406;0.011864348813692;0.0996710851711295;0.000994334014718107;0;;;;;0;0.0143210518631558;0.589030399719918;0.48901102261584;1.07804142233576;;;;;;;;;
3300-GAF_F002_Mandemakers_nieuwe_naam_bethune.xlsx;;;;;;Tienhovens + NP;Gansenhoef;Bethune;Sluislek;inlaat peilbeheer;naar Loenderveen - duikerC;naar Beringde Landen;naar Noorderpark;naar Tienhovense Plassen;3449.9948;0;267.983284551953;0;1629.2312;-3;1.89;0.128406123743044;0.288806179390914;2012.39130434783;6.30434782608696;;-1.10867498329961;30814057.265488;6.21195948401324;138.308741338662;4938.67706236291;-36087.657702484;40263.5532085158;0;4834.79160327107;0;0;18617.3274008096;1012.30326804082;2036.95327998606;385.972808311401;12756.4427986446;0;21299.8376773232;33077.1014580981;30792.46968;3108.86155530373;0;0;1329.903409536;1888.17404318237;31148.9806401211;0.0247132225361973;0;0.0890258841704799;0;0;0.228541257997141;0.012426760155843;0.0062512713971659;0.00947619486568636;0.117445972050909;0;0.0784413078168031;0.0494264450723947;0;0.0890258841704799;0;0;0.228541257997141;0.012426760155843;0.0125025427943318;0.0106607192238972;0.156594629401213;0;0;;;;;;0.0228541257997141;0.566321870990226;0.5591782388153;1.12550010980553;;;;;;;;;
3300-GAF_F002_Mandemakers_nieuwe_naam_org.xlsx;;3300;NL11_5_1;M27;ZAND;Tienhovens + NP;Gansenhoef;Bethune;Sluislek;inlaat peilbeheer;naar Loenderveen - duikerC;naar Beringde Landen;naar Noorderpark;naar Tienhovense Plassen;3449.9948;0;267.983284551953;0;1629.2312;-3;1.89;0.128406123743044;0.288806179390914;2012.39130434783;6.30434782608696;;-1.10867498329961;30814057.265488;6.21195948401324;138.308741338662;4938.67706236291;-36087.657702484;40263.5532085158;0;4834.79160327107;0;0;18617.3274008096;1012.30326804082;2036.95327998606;385.972808311401;12756.4427986446;0;21299.8376773232;33077.1014580981;30792.46968;3108.86155530373;0;0;1329.903409536;1888.17404318237;31148.9806401211;0.0247132225361973;0;0.0890258841704799;0;0;0.228541257997141;0.012426760155843;0.0062512713971659;0.00947619486568636;0.117445972050909;0;0.0784413078168031;0.0494264450723947;0;0.0890258841704799;0;0;0.228541257997141;0.012426760155843;0.0125025427943318;0.0106607192238972;0.156594629401213;0;0;;;;;;0.0228541257997141;0.566321870990226;0.5591782388153;1.12550010980553;(0.3,0.5];0.5;9.64;0.058747082052928;0.4;;0.55;lake - WiBo, surplus Bethune 2018;1.41580467747557
3302-GAF_F001.xlsx;;;;M27;VEEN;doorspoeling;variabele inlaat;Inlaat3;Inlaat4;inlaat peilbeheer;uitlaat1;uitlaat2;uitlaat3;uitlaat4;202.846318745;0;0;0;22.4494255747066;-1.7;0.4;0.0688743404795298;1.54572757278128;2012.14285714286;6.28571428571429;;-1.27977160539093;94338.8606915468;26.455952324654;0.364027422225475;-1086.49258778362;-3869.03262047273;560.690944314561;217.011113888831;0;0;0;4345.77801598163;0;476.190476190476;104.278181917601;0;0;235.260594909969;426.305529764788;0;557.742616604145;0;0;0;0;4955.52520825636;0;0.029;0;0;0;1.93580811300488;0;0.10605849904841;0.0232251336611234;0;0;0.104795819441827;0.049951473586592;0;0;0;0;1.93580811300488;0;0;0;0;0;0;;;;;1;0.193580811300488;2.19888756515624;1.98575958659147;4.1846471517477;;;;;;;;;
3302-GAF_OBT.xlsx;;;;M27;VEEN;doorspoeling;variabele inlaat;Inlaat3;Inlaat4;inlaat peilbeheer;uitlaat1;uitlaat2;uitlaat3;uitlaat4;202.846318745;0;0;0;22.4494255747066;-1.7;0.4;0.0695794077487626;1.49165516333166;2012.5;6.5;;-1.28060456300559;94151.8664917747;26.3471438902224;0.548560061370515;26.7705081697519;-4917.97455865865;567.260010685541;213.269542959713;0;0;0;4309.39865053773;0;500;91.2434091779008;0;0;233.610845335469;443.147392790218;0;580.979575478607;0;0;0;0;4891.2040504889;0;0.0285;0;0;0;1.91960308124456;0;0.111361424000831;0.020321991953483;0;0;0.104060945594383;0.0505367060549346;0;0;0;0;1.91960308124456;0;0;0;0;0;0;;;;;1;0.191960308124456;2.18384744279326;1.97013978729949;4.15398723009275;;;;;;;;;
3360-EAG-11_F002.xlsx;;;;M20;;inlaat1;inlaat2;inlaat3;inlaat4;inlaat peilbeheer;uitlaat1;uitlaat2;uitlaat3;uitlaat4;85.69161;0;0;0;60.82671;-14.1;12.8;0.0364860426929393;0.150050323716558;2011.69230769231;6.19230769230769;;-1.28427593221541;7795383.31311154;7.60415139605592;0.104800874768621;-2569.11969634446;0;1517.56450088621;2204.61731417308;0;0;0;783.018122885743;26.5822478662928;0;0;0;0;93.5729318285647;1128.93766204202;912.40065;15.0019101281721;0;0;0;0;2569.11969634446;0;0.543663461538462;0;0;0;0.257458646994303;0.00874032077891203;0;0;0;0;0.00461505801457442;0;0;0;0;0;0;0;0;0;0;0;0.0153835267152481;;;;;0;0.0257458646994303;0.814477487326251;0.0153835267152481;0.829861014041499;;;;;;;;;
3360-EAG-16_F001.xlsx;;;;M27;VEEN;Westbroek - offline REEKS;Inlaat2;Inlaat3;Inlaat4;inlaat peilbeheer;naar Westbroek - offline REEKS;naar Gagelweg (volkstuinen);uitlaat3;uitlaat4;140.963402143789;0;3.98594468013391;0;42.8298996022274;-2;0.89;0.0296625325695721;0.349448877361392;2013;6.5;;-1.06254838088989;401509.587284315;21.1602625254266;1.80608372786907;-5351.16384755482;0;1076.90853171993;0;73.4155149055483;0;0;1282.03506754353;1.11495312426133e-06;5600.16237507141;0;0;0;1030.39770485261;848.932984023157;672.429423754971;1675.29232143921;206.644537775353;310.26216438834;0;0;5351.16384755482;0;0;0.0154270647441717;0;0;1.79599076269166;1.56192725355351e-09;1.63441965399218;0;0;0;0.240579061455241;0.0502876981604655;0;0.342823660981593;0;0;1.79599076269166;1.56192725355351e-09;0;0;0;0;0;;;;;0;0.179599076269166;3.68641654444519;2.18910212339565;5.87551866784084;;;;;;;;;
3360-EAG-17_F001.xlsx;;;;M27;VEEN;;Inlaat2;Inlaat3;Inlaat4;inlaat peilbeheer;;uitlaat2;uitlaat3;uitlaat4;230.732078152088;0;6.13220277510375;0;36.9065708921292;-2;0.89;0.0644535683387185;0.958689840855673;2013;6.5;;-1.08453163959055;337867.979429529;18.7276734126211;0.591082736599767;-5600.16237507141;0;927.973248580609;479.78542159768;112.946581141299;0;0;5184.39227426553;1.11495312426133e-06;0;0;0;0;206.644537775353;731.526472125749;0;580.644300014874;0;0;0;0;5600.16237507141;0;0.065;0.0275430419488925;0;0;3.51183552748541;1.81260913269909e-09;0;0;0;0;0.0559912592202985;0.0502876981604655;0.26;0.612067598864278;0;0;3.51183552748541;1.81260913269909e-09;0;0;0;0;0;;;;;1;0.351183552748541;3.66036983046721;4.43419082632276;8.09456065678998;;;;;;;;;
3360-EAG-2_F002.xlsx;;;;M8;VEEN;glastuinbouw??;inlaat2;inlaat3;inlaat4;inlaat peilbeheer;uitlaat1;uitlaat2;uitlaat3;uitlaat4;126.52001;0;0;0;14.93811;-1.2;0.45;;;2011.69230769231;6.19230769230769;;-0.729841591776671;70232.78019465;21.8356385130674;4.63217962838985;-1820.68468479125;0;372.690639463047;0;0;0;0;1012.18748723599;55.8848365371827;100;0;0;0;1721.06873704816;277.249829535848;176.240970865385;992.288394720286;0;0;0;0;1820.68468479125;0;0;0;0;0;1.6939684592562;0.149643660509081;2.00828618881505;0;0;0;2.30426571641012;0.0498979642622857;0;0;0;0;0;0;0;0;0;0;2.30426571641012;;;;;1;0.16939684592562;6.15616402499046;2.35416368067241;8.51032770566287;;;;;;;;;
4000-EAG-1-3-4-5-6-7_F001.xlsx;;;;M6a;KLEI;gemalen NTV;gemalen KMS;gemalen GRVzuid;gemalen GRVwest;inlaat peilbeheer;polderinl NTV;polderinl KMS;polderinl GRVzuid;polderinl GRVwest;370.252725;0;0;0;100.252725;-2.1;1.7;0.161804748388558;4.5598623838856;2013.13793103448;6.3448275862069;;-0.374760584083943;1729599.52722993;60.2796978005579;22.3922099324985;-18836.7142977299;-14975.6939361432;2516.6402297931;0;0;0;0;3968.62693101675;0;23930.3283042094;5167.12364525353;1721.47372792882;14962.5940586642;6882.31232871827;1945.850174827;2005.0545;895.476218501225;3344.90855577397;760.746095254465;14898.5482171011;1508.49944018559;33812.4082338732;0;0;0;0;0;0.118758675068935;0;10.9802013061853;0.618491754144761;0.120199387054085;0.746243758394806;0.686496285135219;0.0502059216802955;0;0;0;0;0;0;4.77400056790664;0.927737631217142;0.171713410077265;0.746243758394806;0.686496285135219;;;;;1;0.0118758675068935;13.2703911659831;7.35639757441137;20.6267887403944;;;;;;;;;
4000-EAG-1-3-4-5-6-7_F003.xlsx;;;;M6a;KLEI;gemalen NTV;gemalen KMS;gemalen GRVzuid;gemalen GRVwest;inlaat peilbeheer;polderinl NTV;polderinl KMS;polderinl GRVzuid;polderinl GRVwest;370.252725;0;0;0;100.252725;-2.1;1.7;0.161804748388558;3.99204819145047;2013.13793103448;6.3448275862069;;-0.261344846855754;1843301.89438003;68.8335413369206;27.2672774412556;-9389.31272739708;-14975.6939361432;2516.6402297931;0;0;0;0;3968.62693101675;0;23930.3283042094;5167.12364525353;1721.47372792882;14962.5940586642;15475.5261908766;1945.850174827;20050.545;895.476218501225;3344.90855577397;760.746095254465;14898.5482171011;1508.49944018559;24365.0066635403;0;0;0;0;0;0.118758675068935;0;10.9802013061853;0.618491754144761;0.120199387054085;0.746243758394806;1.54365142602125;0.0502059216802955;0;0;0;0;0;0;4.77400056790664;0.927737631217142;0.171713410077265;0.746243758394806;1.54365142602125;;;;;1;0.0118758675068935;14.1275463068691;8.2135527152974;22.3410990221665;;;;;;;;;
4000-EAG-2_F001.xlsx;;;;M6a;KLEI;inlaat1;inlaat2;inlaat3;inlaat4;inlaat peilbeheer;uitlaat1;uitlaat2;uitlaat3;uitlaat4;52.93411;0;0;0;4.234738;-1;0.65;0.0605554062126643;0.829898689518052;2012.5;6.5;;-0.272386735048106;30812.5154239585;28.2255235834928;1.25064927652794;-558.808930402864;0;107.595018518668;0;0;0;0;595.443325507062;14.8100432318856;401.920825460829;0;0;0;75.5077601706844;83.6797655028716;42.34738;511.691546259921;0;0;0;0;558.808930402864;0;0;0;0;0;0.421827743893763;0.0104918249241528;0.9491043494564;0;0;0;0.178305624033138;0.0508154310933371;0;0;0;0;0;0;0.75928347956512;0;0;0;0.142644499226511;;;;;0;0.0421827743893763;1.55972954230745;0.952743409884968;2.51247295219242;;;;;;;;;
4110-GAF_F002.xlsx;;;;M1a;KLEI;inlaat 1;extra inlaat;;;inlaat peilbeheer;uitlaat1;uitlaat2;uitlaat3;uitlaat4;383.093337577153;11.0335033299915;0;57.5271267829521;21.13937303892;-2;0.75;0.586903735507257;16.1294785489059;2011.7358490566;6.16981132075472;;-1.26315077375074;155765.306671228;32.1125119863071;2.70009160818808;-763.872807718328;-5618.01878556038;525.202857293525;155.553877078846;0;52.7204038398995;297.682641199055;3753.43074511392;1289.09070557619;703.243011541916;0;0;0;11.4594593100147;403.84907416604;0;5.34312511681159;0;0;0;0;6381.8915932787;0;0.147169811320755;0;0.748183076331098;0.281638098396757;10.6533833473777;3.6588333150737;0.831674395270811;0;0;0;0.0135522696071882;0.0496895396402312;0.220754716981132;0;0.748183076331098;0.844914295190271;1.77556389122961;3.6588333150737;0.332669758108324;0;0;0;0.00542090784287526;;;;;1;1.06533833473777;16.334434313378;7.63602950039724;23.9704638137752;;;;;;;;;
4210-EAG-1-2-3-5_F001.xlsx;;;;M27;VEEN;Inlaat;dijklek;extra inlaat;Oosten;inlaat peilbeheer;uitlaat1;uitlaat2;uitlaat3;uitlaat4;217.93902;0;21.7970453029114;0;102.261464;-2.6;1.19;0.0693149001536098;0.916408894722108;2012.5;6.5;;-1.39268635522186;1234616.60822188;13.7920703003348;1.77034585094471;-245.11474280974;-6696.99156333978;2572.45177798122;255.65366;404.999051999546;0;0;1292.05539131993;23.2861086136438;425;60;599.977827808822;7767.68626175729;702.862925551151;2022.27555153128;3067.84392;2073.51757320175;0;0;0;0;6942.10630614952;0.0125778161066676;0.05;0.0356438420243613;0;0;0.252696439260821;0.00455422946294683;0.0581841855892069;0.0234692513301003;0.117341920277774;1.51918150942124;0.0962247221271554;0.0503112644266704;0.05;0.118812806747871;0;0;0.252696439260821;0.00455422946294683;0.124680397691158;0.0264029077463628;0.117341920277774;1.51918150942124;0.206195833129619;;;;;0;0.0252696439260821;2.16987391560027;2.47017730816446;4.64005122376473;;;;;;;;;
4210-EAG-1-2-3-5_HAP_west2015.xlsx;;;NL11_6_2;M27;VEEN;Inlaat;dijklek;extra inlaat;Oosten;inlaat peilbeheer;uitlaat1;uitlaat2;uitlaat3;uitlaat4;217.93902;0;21.7970453029114;0;102.261464;-2.6;1.19;0.0693149001536098;0.857560339838259;2012.5;6.5;;-1.39460085568089;1232658.81202419;13.5118241243393;0.609370463436089;-713.955758826546;-5940.40572955842;2572.45177798122;255.65366;404.999051999546;0;0;1292.05539131993;23.2861086136438;425;60;218.464581900831;7767.68626175729;797.792329082094;2022.27555153128;3067.84392;2073.51757320175;0;0;0;0;6654.36148838496;0.0125778161066676;0.05;0.0356438420243613;0;0;0.252696439260821;0.00455422946294683;0.0581841855892069;0.0234692513301003;0.042726668161299;1.51918150942124;0.109220933969313;0.0503112644266704;0.05;0.118812806747871;0;0;0.252696439260821;0.00455422946294683;0.124680397691158;0.0264029077463628;0.042726668161299;1.51918150942124;0.234044858505671;;;;;0;0.0252696439260821;2.10825487532596;2.42341108142404;4.53166595675;;;;;;;;;
4210-EAG-2_F001.xlsx;;;;M27;VEEN;Inlaat;dijklek;extra inlaat;Oosten;inlaat peilbeheer;uitlaat1;uitlaat2;uitlaat3;uitlaat4;71.40073;0;2.4085;0;19.44723;-2;0.6;0.160595813764265;1.24640911902854;2012.5;6.5;;-1.40031358915872;116622.39559505;10.0482153473904;0.952260913833446;-1266.49017641516;0;491.930732767584;0;45.0457973552514;0;0;406.201430423232;0;0;0;0;771.279456715299;239.642132240947;384.60399326624;136.13061;167.827030734741;0;0;0;0;1266.49017641516;0.0126478355212435;0;0.0208467826110589;0;0;0.417747340287776;0;0;0;0;0.793202380714682;0.172517620832029;0.0505913420849739;0;0.0694892753701963;0;0;0.417747340287776;0;0;0;0;0.793202380714682;0.369680616068633;;;;;0;0.0417747340287776;1.41696195996679;1.70071095452626;3.11767291449305;;;;;;;;;
4210-EAG-3_F001.xlsx;;;;M27;VEEN;Inlaat;dijklek;extra inlaat;Oosten;inlaat peilbeheer;uitlaat1;uitlaat2;uitlaat3;uitlaat4;118.64933;0;1.0176;0;72.33133;-2.6;1.2;0.259850332306325;1.17242021898523;2012.5;6.5;;-1.40217183717629;866405.041284954;7.86929268818912;4.00764063774122;-2954.6117436011;0;1829.66952974557;0;19.0320130324699;0;0;197.81555757617;0;0;0;0;2878.41340316078;767.03355944496;1430.4823029428;1027.104886;283.772771053793;0;0;0;0;2954.6117436011;0.0126478355212435;0;0.00236810407457224;0;0;0.0546970607553241;0;0;0;0;0.795896716723107;0.148462220067424;0.0505913420849739;0;0.00789368024857414;0;0;0.0546970607553241;0;0;0;0;0.795896716723107;0.318133328715908;;;;;0;0.00546970607553241;1.01407193714167;1.22721212852789;2.24128406566956;;;;;;;;;
4210-EAG-4_F001.xlsx;;;;M10;VEEN;Inlaat;dijklek;Inlaat3;Inlaat4;inlaat peilbeheer;uitlaat1;uitlaat2;uitlaat3;uitlaat4;166.91672;0;12.1848375599134;0;24.831596;-2.6;1.19;0.262816740395968;8.81862546549504;2012.09677419355;6.33870967741935;;-1.38;302945.4712;34.1168761309401;0;-7998.17626660858;0;622.263106692662;993.26384;227.079991248716;0;0;6411.40066746352;4.95724325057095;172.8;40;0;0;0;473.588582046891;0;0;0;0;0;0;7998.17626660858;0.0125296639550003;0.8;0.0823032044029083;0;0;7.74585814072948;0.00399268999912124;0.0974242654398856;0.0644340379893423;0;0;0;0.0501186558200014;0.8;0.274344014676361;0;0;0;0.00399268999912124;0.208766283085469;0.0724882927380101;0;0;0;;;;;0;0.774585814072948;8.80654200251574;1.40970993631896;10.2162519388347;;;;;;;;;
4210-EAG-5_F001.xlsx;;;;M27;VEEN;dijklek;lek door de stuw;suppl op weg naar open water;oost op weg naar open water;inlaat peilbeheer;uitlaat1;uitlaat2;uitlaat3;uitlaat4;183.30862;0;0;0;89.541889;-2.6;1.19;0.11;0.288469552716092;2012.5;6.5;;-1.40228159865764;1072459.68146255;6.86409821156459;4.0016457157287;-2337.17534276061;0;2252.48282737129;0;0;0;0;604.426147515453;1.1136973316731;60;100;270.100956564608;2055.66538920042;802.454183466711;1770.73910229398;1343.128335;699.202067111295;0;0;0;0;2337.17534276061;0.0125778161066676;0;0;0;0;0.13500410908585;0.00024875448666782;0.00938108419848056;0.0446718295165741;0.120659038839178;0.114787917261854;0.125464837675403;0.0503112644266704;0;0;0;0;0.13500410908585;0.00024875448666782;0.0201023232824583;0.0502558082061458;0.0150823798548972;0.114787917261854;0.268853223590149;;;;;0;0.013500410908585;0.562795387170674;0.654645780194692;1.21744116736537;;;;;;;;;
6110-EAG_F002.xlsx;;;;M3;KLEI;Inlaat;dijklek;Inlaat3;Inlaat4;inlaat peilbeheer;uitlaat1;uitlaat2;uitlaat3;uitlaat4;161.41957174616;17.7148851012444;74.6449882604089;0;8.79841889650152;-4;0.55;;0;2011.85714285714;6.21428571428571;;-3.42832688299599;50298.1955526998;38.8379908100761;-0.0411560671071581;-2971.6494053836;-173.541737299759;217.822481021349;43.9920944825076;1366.84033218089;0;298.424415596844;968.590278659002;3.60237765751784;517.857142857143;0;0;0;0;176.134236852878;0;95.7625868519112;0;0;0;0;3145.19114268336;0;0;1.39815609308162;0;1.35671837909652;6.60521139117942;0.0245660796551769;0;0;0;0;0;0.0495140055466013;0.1;31.0701354018138;0;2.03507756864478;6.60521139117942;0.0245660796551769;0;0;0;0;0;;;;;1;0.660521139117942;9.38465194301274;39.8845044468397;49.2691563898525;;;;;;;;;
6430-GAF_F001.xlsx;;;;M8;VEEN;Inlaat1;inlaat variabel;Inlaat3;Inlaat4;inlaat peilbeheer;uitlaat1;uitlaat2;uitlaat3;uitlaat4;864.667607954556;0;68.2103438304082;0;73.4606404832641;-3.2;0.5;0.260621437105308;9.51902369848748;2011.77777777778;6.16666666666667;;-2.46698982635416;538473.968367718;33.6929559228164;24.6479061531353;3557.07232708118;-26278.7632347778;1842.42488011315;293.842561933056;1267.02493080966;0;0;11914.4808498136;0;6250;3093.16667709369;0;0;90.1213188816319;1423.15276816138;0;630.865448939876;0;0;0;0;22721.6909076966;0;0;0.155229035606963;0;0;9.73131797226403;0;1.0209548883131;0.505277382295361;0;0;0.0147215681685482;0.0501608716720322;0.08;3.44953412459918;0;0;9.73131797226403;0;1.1060344623392;0.547383830819974;0;0;0.0159483655159272;;;;;1;0.973131797226403;11.427500846648;14.9803796272103;26.4078804738583;;;;;;;;;
6450-GAF_F002.xlsx;;;;M1a;KLEI;Gein - reeks;dijks ARK;Gein - constant;inlaat4;inlaat peilbeheer;uitlaat1;uitlaat2;uitlaat3;uitlaat4;277.724484574037;0;12.224253854316;0;14.2326553161724;-2.8;0.5;0.43062133277766;18.0332428091386;2011.7358490566;6.16981132075472;;-2.27887521324105;74169.8946665397;51.3445207906323;1.36781374497213;-510.63793862823;-5765.29153221109;359.396632812734;28.4653106323448;229.068735383537;0;0;4270.9420283363;0;313.832153949939;75;1981.1320754717;0;49.8517312846227;271.914856615631;0;761.212154161192;0;0;0;0;6275.92947083932;0;0.08;1.28756710702183;0;0;12.0032191701664;0;0.330752217676489;0.316174311822665;2.08794356864024;0;0.105078912213893;0.0505031035781996;0;0;0;0;0;0;0.220501478450992;0;1.39196237909349;0;0.15761836832084;;;;;1;1.20032191701664;16.2107352875416;1.82058532944352;18.0313206169851;;;;;;;;;
6480-GAF_F002.xlsx;;;;M1a;KLEI;inlaat prive vecht;inlaat priv noord;inlaat 3;variabele inlaat;inlaat peilbeheer;uitlaat1;uitlaat2;uitlaat3;uitlaat4;513.554543853763;0;24.2225602928682;4e-04;28.0715410983822;-2.75;0.5;0.28917687614179;15.45041708188;2013.42553191489;6.3936170212766;;-2.25;140357.705491911;59.1065220010004;0;-774.247108618878;-15115.20316312;705.717182208027;266.677740434631;444.298333306846;0;0;8690.05153104552;813.376038952639;4353.74433768016;0;0;1521.08341646777;0;568.288712368864;0;337.209595987849;0;0;0;0;15889.4502717389;0;0.569995938947577;0.633094323891539;0;0;9.28704074413605;0.869253351038337;2.79170273564921;0;0;0.975347288574682;0;0.0502799030330898;0.189998646315859;0;0;0;0;0;0;0;0;0;0;;;;;1;0.928704074413605;15.1264343822374;0.240278549348949;15.3667129315863;;;;;;;;;
6530_3050-GAF_F001.xlsx;;;;M8;VEEN;Inlaat;dijklek;Inlaat3;Inlaat4;inlaat peilbeheer;uitlaat1;uitlaat2;uitlaat3;uitlaat4;152.11284349612;0;0.996228447346653;0;33.9947730707268;-2;0.23;0.0925410401131573;1.18716673582236;2012.88888888889;6.33333333333333;;-1.74941450333607;85185.9709390571;10.6146112156552;-0.86606131028601;-582.940605244177;-2341.52610466362;859.366758311143;271.958184565814;18.4101583703677;0;0;1570.00977183138;448.962268648775;450.793063020623;0;0;0;0;693.636753495634;0;0.530680034384095;0;0;0;0;2924.46670990779;0;0;0.00487402651544652;0;0;1.3855157396388;0.528272117263087;0.188301345079578;0;0;0;0;0.0505587583434203;0.16;0.108311700343256;0;0;2.77103147927761;0.79240817589463;0.196257739942095;0;0;0;0;;;;;1;0.13855157396388;2.10696322849692;4.07856785380101;6.18553108229793;;;;;;;;;
6530_3050-GAF_F002.xlsx;;;;M8;VEEN;Inlaat;dijklek;Inlaat3;Inlaat4;inlaat peilbeheer;uitlaat1;uitlaat2;uitlaat3;uitlaat4;152.11284349612;0;0.996228447346653;0;33.9947730707268;-2;0.23;0.0925410401131573;1.18716673582236;2012.88888888889;6.33333333333333;;-1.74941450333607;85185.9709390571;10.6146112156552;-0.86606131028601;-582.940605244177;-2341.52610466362;859.366758311143;271.958184565814;18.4101583703677;0;0;1570.00977183138;448.962268648775;450.793063020623;0;0;0;0;693.636753495634;0;0.530680034384095;0;0;0;0;2924.46670990779;0;0;0.00487402651544652;0;0;1.3855157396388;0.528272117263087;0.188301345079578;0;0;0;0;0.0505587583434203;0.16;0.108311700343256;0;0;2.77103147927761;0.79240817589463;0.196257739942095;0;0;0;0;;;;;1;0.13855157396388;2.10696322849692;4.07856785380101;6.18553108229793;;;;;;;;;
6540-GAF_F002.xlsx;;;;M1a;KLEI;Inlaat Vecht;dijklek;extra inlaat;Inlaat4;inlaat peilbeheer;uitlaat1;uitlaat2;uitlaat3;uitlaat4;826.772428608214;74.7283654153114;121.746327355618;0;40.2613682122982;-2.5;0.5;0.174843897132383;7.90536337835298;2011.7358490566;6.16981132075472;;-1.96585117977214;215055.623313587;44.7207615781595;5.97456491053369;230.979265610049;-15796.1909848509;999.745320521004;120.784094636895;2243.07174833879;0;1174.19061080929;10315.8361294336;0;697.810658656494;750;783.439139317987;0;920.312784612776;769.193374068189;0;1676.7599579283;0;0;0;0;15565.2117192408;0;0;0.501414796153963;0;1.16656801588837;5.12443396113026;0;0.199318178464149;0.745131160019451;0.233505965873861;0;0.262872264232045;0.0496627593602555;0.059999995032459;11.1425510256436;0;1.74985202383255;0;0;0.133283199338201;0.838272555021882;0.097294152447442;0;0.175781540169081;;;;;1;0.512443396113026;8.23324434176209;14.2466972508455;22.4799415926076;;;;;;;;;
6540-GAF_F004.xlsx;;;;;;Inlaat Vecht;dijklek;inlaat3;Inlaat4;inlaat peilbeheer;uitlaat1;uitlaat2;uitlaat3;uitlaat4;826.772408608214;0;121.746327355618;0;40.2613482122982;-3.1;1.1;0.228854137607336;8.68137822069078;2014;6.5;;-1.96435426306796;457226.28460433;43.0755191420343;-0.124376834717346;-219.537768043828;-14324.2321182173;993.680482972924;80.5226964245964;2207.43226355105;0;0;10128.7651716934;86.0822046442557;1591.58348723444;750;250;0;1254.71844950897;810.388728920349;0;1988.50176401341;0;0;0;0;14543.7698862611;0;0;0.493448214083673;0;0;5.03150819405468;0.0427617099111257;0.31625041046157;0.745131530166598;0.0496754353444399;0;0.249314740856235;0.0493615105849533;0.04;10.9655158685261;0;0;0;0;0.276719109153873;0.838272971437423;0.0434660059263849;0;0.218150398249206;;;;;;0.503150819405468;6.92809023487832;12.4314858638779;19.3595760987562;;;;;;;;;
7060-EAG-1_F002.xlsx;;;;M3;KLEI;;;;;inlaat peilbeheer;uitlaat1;uitlaat2;uitlaat3;uitlaat4;13.7;0;2.4;0;8;-2.7;2.7;;0;2011.46808510638;6.38297872340426;;-0.207215000926;199422.79992592;4.62111787285675;0.0357284215444363;-199.983330515664;0;202.968106181246;0;44.5825439275656;0;0;49.6713213913827;0.408674124892148;0;0;0;0;72.0587842034532;157.767220252605;0;11.9746074818151;0;0;0;0;199.983330515664;0;0;0.278640899547285;0;0;0.372534910435371;0.00306505593669111;0;0;0;0;0.0540440881525899;0.0507420265453115;0;0;0;0;0.248356606956914;0.00204337062446074;0;0;0;0;0.0900734802543165;;;;;0;0.0372534910435371;0.708284954071936;0.391215484381002;1.09950043845294;;;;;;;;;
8070-GAF_F002.xlsx;;;;M3;KLEI;N. Broekhuysen en Geuzeveld;Multatuli;Louwesweg & Plesmanlaan;Inlaat Schuttingen en Lek Cramer- Aker, Heemstedesluis;inlaat peilbeheer;alle uitlaten;uitlaat2;uitlaat3;uitlaat4;1474.094295;49.3354;646.395046;0;167.185249;-18.1;16;0.451985987369858;11.041081167323;2011.77777777778;6.16666666666667;;-2.05008271629267;26833094.1750601;29.3345052775888;0.428474864511622;4509.13187444684;-39590.9410339442;4388.97579287104;0;12799.1238268211;0;612.109398229822;6902.66120669534;121.447729956055;7434.76990922588;5184;2929.72085156199;8670.15697589376;0;3238.91075466977;8359.26245;776.48145302596;1586.93034892642;0;0;0;35081.8091594974;0;0;1.53113075506095;0;0.109837931616172;1.23862504281619;0.0217927832776782;12.4516701505361;0.930225608600194;0.280380798577462;2.07438324319959;0;0;0;6.1245230202438;0;0.256288507104401;2.89012509990444;0.0508498276479157;1.11175626344072;4.65112804300097;0.525713997332742;2.07438324319959;0;;;;;0;0.123862504281619;18.6380463136843;17.6847680018746;36.3228143155589;;;;;;;;;
deTol-GAF_F001.xlsx;;;;;;extra aanvoer;gemiste inlaat;;;inlaat peilbeheer;;;;;1221.43212;0;122.14321;0;85.500267;-2.5;0.4;;0;2014;6.5;;-2.06262735960763;373954.775320429;35.3162418635948;0.50590471944104;-7920.11327412918;-17340.5733149162;2214.31217642613;427.501335;2349.79994801909;0;0;19949.5081792021;0;3000;1348.957715197;0;100;805.401733895017;1720.96702602015;0;3214.33337739322;0;0;0;0;25260.6865890454;0.155389842917763;0.1;0.247346590533709;0;0;6.99980557225702;0;0.315788487537706;0.410208082684958;0;0.0175438048632059;0.141298108559418;0.0517966143059209;0.1;0.824488635112364;0;0;0;0;0.105262829179235;0.0788861697471073;0;0.00584793495440195;0.0470993695198061;;;;;;0.699980557225702;8.38738048935378;1.21338155281884;9.60076204217262;;;;;;;;;
GAF-3300-F002.xlsx;;;;M27;VEEN;Tienhovens + NP;Gansenhoef;Bethune;Sluislek;inlaat peilbeheer;naar Loenderveen - duikerC;naar Beringde Landen;naar Noorderpark;naar Tienhovense Plassen;3449.9948;0;267.983284551953;0;1629.2312;-3;1.89;0.0368200487808983;0.0996349898851733;2013.96261682243;6.44859813084112;;-1.11016792628788;30789733.7725248;6.00573065137112;617.816591915337;6669.82921832673;-37172.1986302998;40611.2533792814;0;4930.1100644911;0;0;11633.281939261;5999.30496464493;2695.350479583;248.89835302324;11747.6528511852;324;19657.3855286316;33099.9832810414;30792.46968;1410.36687562502;0;0;1003.48810532173;1656.37679805557;30502.3694119731;0;0;0.0907810395079182;0;0;0.142807011543371;0.0736458393952305;0.00827184772665475;0.00611081724983513;0.288421995630459;0.00357960245298519;0.0723926187835034;0.049853272364636;0;0.0907810395079182;0;0;0.142807011543371;0.0736458393952305;0.0165436954533095;0.00687466940606452;0.14421099781523;0.000994334014718107;0;;;;;0;0.0142807011543371;0.686010772289957;0.525710859500477;1.21172163179043;;;;;;;;;
Kockengen-GAF_F001.xlsx;;;;;;extra aanvoer;gemiste inlaat;;;inlaat peilbeheer;;;;;1155.33242;0;115.5332;0;92.42662;-2.5;0.5;;0;2014;6.5;;-1.99334101331527;468287.776318944;26.6295399932332;3.34472389372844;-3039.95751697096;-14484.8616225678;2393.69299386996;0;2222.63609540374;0;0;14454.2944578396;0;0;1311.01809088892;0;100;4131.14209929139;1860.38208917516;184.85324;5046.07399247341;0;0;0;0;17524.8191395388;0.155389842917763;0;0.216428176845953;0;0;4.69160111811066;0;0;0.3687949463381;0;0.0162290907100141;0.670446798653579;0.0517966143059209;0;0.721427256153176;0;0;0;0;0;0.0709221050650192;0;0.00540969690333802;0.22348226621786;;;;;;0.469160111811066;6.11888997357607;1.07303793864531;7.19192791222138;;;;;;;;;
vader_0_Loos2a_test_malen2015.xlsx;;;;M27;VEEN;Tienhovens + NP;Gansenhoef;Bethune;Sluislek;inlaat peilbeheer;naar Loenderveen - duikerC;naar Beringde Landen;naar Noorderpark;naar Tienhovense Plassen;3449.9948;0;267.983284551953;0;1629.2312;-3;1.89;0.128406123743044;0.288806179390914;2012.39130434783;6.30434782608696;;-1.10867498329961;30814057.265488;6.21195948401324;138.308741338662;4938.67706236291;-36087.657702484;40263.5532085158;0;4834.79160327107;0;0;18617.3274008096;1012.30326804082;2036.95327998606;385.972808311401;12756.4427986446;0;21299.8376773232;33077.1014580981;30792.46968;3108.86155530373;0;0;1329.903409536;1888.17404318237;31148.9806401211;0.0247132225361973;0;0.0890258841704799;0;0;0.228541257997141;0.012426760155843;0.0062512713971659;0.00947619486568636;0.117445972050909;0;0.0784413078168031;0.0494264450723947;0;0.0890258841704799;0;0;0.228541257997141;0.012426760155843;0.0125025427943318;0.0106607192238972;0.156594629401213;0;0;;;;;0;0.0228541257997141;0.566321870990226;0.5591782388153;1.12550010980553;;;;;;;;;
;2220-EAG-1;;;;;;;;;;;;;;;;;;;;;;;;;;;;;;;;;;;;;;;;;;;;;;;;;;;;;;;;;;;;;;;;;;;;;;;;;;;;;;;;;;0.65;;;;;;;0.345421727;0.65;0.690843454;vollenweider;0.940878857918512
;2500-EAG-3;;;;;;;;;;;;;;;;;;;;;;;;;;;;;;;;;;;;;;;;;;;;;;;;;;;;;;;;;;;;;;;;;;;;;;;;;;;;;;;;;;0.83;;;;;;;0.366;0.83;0.730931115;vollenweider;1.1355379227494
;2500-EAG-4;;;;;;;;;;;;;;;;;;;;;;;;;;;;;;;;;;;;;;;;;;;;;;;;;;;;;;;;;;;;;;;;;;;;;;;;;;;;;;;;;;0.53;;;;;;;0.366;0.53;0.730931115;vollenweider;0.725102528984554
;2500-EAG-5;;;;;;;;;;;;;;;;;;;;;;;;;;;;;;;;;;;;;;;;;;;;;;;;;;;;;;;;;;;;;;;;;;;;;;;;;;;;;;;;;;0.53;;;;;;;0.366;0.53;0.730931115;vollenweider;0.725102528984554
;2550-EAG-1;;;;;;;;;;;;;;;;;;;;;;;;;;;;;;;;;;;;;;;;;;;;;;;;;;;;;;;;;;;;;;;;;;;;;;;;;;;;;;;;;;1.334;;;;;;;1;1.334;5.81;lake; empirisch;1.334
;3200-EAG-1;;;;;;;;;;;;;;;;;;;;;;;;;;;;;;;;;;;;;;;;;;;;;;;;;;;;;;;;;;;;;;;;;;;;;;;;;;;;;;;;;;0.99;;;;;;;0.377;0.99;0.754311537;vollenweider;1.31245506854816
;3230-EAG-2;;;;;;;;;;;;;;;;;;;;;;;;;;;;;;;;;;;;;;;;;;;;;;;;;;;;;;;;;;;;;;;;;;;;;;;;;;;;;;;;;;0.399699097;;;;;;;0.324;0.399699097;0.647661607;vollenweider;0.617141872669318
;3360-EAG-11;;;;;;;;;;;;;;;;;;;;;;;;;;;;;;;;;;;;;;;;;;;;;;;;;;;;;;;;;;;;;;;;;;;;;;;;;;;;;;;;;;0.611391717;;;;;;;0.361;0.611391717;0.72151989;vollenweider;0.847366407321079
;6100-EAG-1;;;;;;;;;;;;;;;;;;;;;;;;;;;;;;;;;;;;;;;;;;;;;;;;;;;;;;;;;;;;;;;;;;;;;;;;;;;;;;;;;;0.475;;;;;;;0.289;0.475;0.578042296;vollenweider;0.821739175985835
;8070-EAG-1;;;;;;;;;;;;;;;;;;;;;;;;;;;;;;;;;;;;;;;;;;;;;;;;;;;;;;;;;;;;;;;;;;;;;;;;;;;;;;;;;;14.2;;;;;;;0.452;14.2;0.902792871;vollenweider;15.7289678021837
;NL11_3_4;;;;;;;;;;;;;;;;;;;;;;;;;;;;;;;;;;;;;;;;;;;;;;;;;;;;;;;;;;;;;;;;;;;;;;;;;;;;;;;;;;0.53;;;;;;;0.366;0.53;0.730931115;vollenweider;0.725102528984554
;;;;;;;;;;;;;;;;;;;;;;;;;;;;;;;;;;;;;;;;;;;;;;;;;;;;;;;;;;;;;;;;;;;;;;;;;;;;;;;;;;;0.399699097;;;;;;;0.324;0.399699097;0.647661607;vollenweider;0.617141872669318
;;;;;;;;;;;;;;;;;;;;;;;;;;;;;;;;;;;;;;;;;;;;;;;;;;;;;;;;;;;;;;;;;;;;;;;;;;;;;;;;;;;0.611391717;;;;;;;0.361;0.611391717;0.72151989;vollenweider;0.847366407321079
;;;;;;;;;;;;;;;;;;;;;;;;;;;;;;;;;;;;;;;;;;;;;;;;;;;;;;;;;;;;;;;;;;;;;;;;;;;;;;;;;;;0.475;;;;;;;0.289;0.475;0.578042296;vollenweider;0.821739175985835
;;;;;;;;;;;;;;;;;;;;;;;;;;;;;;;;;;;;;;;;;;;;;;;;;;;;;;;;;;;;;;;;;;;;;;;;;;;;;;;;;;;14.2;;;;;;;0.452;14.2;0.902792871;vollenweider;15.7289678021837
;;;;;;;;;;;;;;;;;;;;;;;;;;;;;;;;;;;;;;;;;;;;;;;;;;;;;;;;;;;;;;;;;;;;;;;;;;;;;;;;;;;0.53;;;;;;;0.366;0.53;0.730931115;vollenweider;0.725102528984554
;;;;;;;;;;;;;;;;;;;;;;;;;;;;;;;;;;;;;;;;;;;;;;;;;;;;;;;;;;;;;;;;;;;;;;;;;;;;;;;;;;;0.65;;;;;;;0.345421727;0.65;0.690843454;vollenweider;0.940878857918512
;;;;;;;;;;;;;;;;;;;;;;;;;;;;;;;;;;;;;;;;;;;;;;;;;;;;;;;;;;;;;;;;;;;;;;;;;;;;;;;;;;;0.83;;;;;;;0.366;0.83;0.730931115;vollenweider;1.1355379227494
;;;;;;;;;;;;;;;;;;;;;;;;;;;;;;;;;;;;;;;;;;;;;;;;;;;;;;;;;;;;;;;;;;;;;;;;;;;;;;;;;;;0.53;;;;;;;0.366;0.53;0.730931115;vollenweider;0.725102528984554
;;;;;;;;;;;;;;;;;;;;;;;;;;;;;;;;;;;;;;;;;;;;;;;;;;;;;;;;;;;;;;;;;;;;;;;;;;;;;;;;;;;0.53;;;;;;;0.366;0.53;0.730931115;vollenweider;0.725102528984554
;;;;;;;;;;;;;;;;;;;;;;;;;;;;;;;;;;;;;;;;;;;;;;;;;;;;;;;;;;;;;;;;;;;;;;;;;;;;;;;;;;;1.334;;;;;;;1;1.334;5.81;lake; empirisch;0.22960413080895
;;;;;;;;;;;;;;;;;;;;;;;;;;;;;;;;;;;;;;;;;;;;;;;;;;;;;;;;;;;;;;;;;;;;;;;;;;;;;;;;;;;0.99;;;;;;;0.377;0.99;0.754311537;vollenweider;1.31245506854816
