pol;EAG;GAF;KRW;watertype;bodem;a_tot;a_drain;a_verhard;a_gemengd;a_water;a_bodemhoogte;a_slootdiepte;wp_meting_gm3;wp_meting_mgm2d;jaar;maand;seiz;w_peil;w_volume;w_debiet;w_berging;w_sluitfout;w_maalstaat;w_i_neerslag;w_i_kwel;w_i_verhard;w_i_riol;w_i_drain;w_i_uitspoel;w_i_afstroom;w_i_inlaat1;w_i_inlaat2;w_i_inlaat3;w_i_inlaat4;w_i_inlaat5;w_o_verdamping;w_o_wegzijg;w_o_intrek;w_o_uitlaat1;w_o_uitlaat2;w_o_uitlaat3;w_o_uitlaat4;w_o_uitlaat5;wp_min_neerslag;wp_min_kwel;wp_min_verhard;wp_min_riol;wp_min_drain;wp_min_uitspoel;wp_min_afstroom;wp_min_inlaat1;wp_min_inlaat2;wp_min_inlaat3;wp_min_inlaat4;wp_min_inlaat5;wp_inc_neerslag;wp_inc_kwel;wp_inc_verhard;wp_inc_riol;wp_inc_drain;wp_inc_uitspoel;wp_inc_afstroom;wp_inc_inlaat1;wp_inc_inlaat2;wp_inc_inlaat3;wp_inc_inlaat4;wp_inc_inlaat5;namen;versie;naam;KRWnaam;agrarisch;p_i_redDAW;wp_min_sum;wp_inc_sum;watdteF;watdte;kPDitch;wp_tot_sum;PvskPDitch;P.load_year..mgP.m2.d.;Troebel.naar.helder..mg.P.m2.d.;Helder.naar.troebel..mg.P.m2.d.;lake.ditch.vollenweider;PvskPLake
2110-GAF_F002.xlsx;;2110;NL11_2_6;M10;VEEN;;;;;;;;;;;;;;;;;;;;;;;;;;part. inlaat + ca 900 m3/d dijkse kwel;waterschapsinlaat opgedrukt;park de Braak;inlaat1;inlaat peilbeheer;;;;uitlaat1;uitlaat2;uitlaat3;uitlaat4;;;;;;;;;part. inlaat + ca 900 m3/d dijkse kwel;waterschapsinlaat opgedrukt;park de Braak;inlaat1;inlaat peilbeheer;;;;;;;;part. inlaat + ca 900 m3/d dijkse kwel;waterschapsinlaat opgedrukt;park de Braak;inlaat1;inlaat peilbeheer;;;;;;;;;;;;;;;;;;
2110-GAF_F002.xlsx;;2110;NL11_2_6;M10;VEEN;999.1624;0;213.4611;150.0001;61.86;-6;0.6;0.415703265;9.647191326;2012;6.5;;-5.41971959;358961.4619;27.68061065;0.338089596;-1411.914677;-13802.35922;1400.971882;123.065;3573.935973;121.4289424;0;9169.229193;1.40E-06;1250;243.4588889;957.0427777;0;284.0930905;1078.754247;0;830.5356954;0;0;0;0;15214.2739;0.04529492;0.079576463;1.155491747;0.098148191;0;5.929019847;2.27E-10;1.414484319;0.19678216;0.464133258;0;0.137775505;0;0;0;0;0;0;0;0;0;0;0;0.321476177;;;;;1;0.592901985;9.520706411;0.321476177;(0,0.3];0.3;14.905;9.842182588;0.660327581;;;;;
2120-GAF_F004.xlsx;;2120;NL11_2_6;M10;VEEN;;;;;;;;;;;;;;;;;;;;;;;;;;Poel en dijkslek;Amstel;Westwijk;Inlaat (sluitfout);inlaat peilbeheer;;;;uitlaat1;uitlaat2;uitlaat3;uitlaat4;;;;;;;;;Poel en dijkslek;Amstel;Westwijk;Inlaat (sluitfout);inlaat peilbeheer;;;;;;;;Poel en dijkslek;Amstel;Westwijk;Inlaat (sluitfout);inlaat peilbeheer;;;;;;;;;;;;;;;;;;
2120-GAF_F004.xlsx;;2120;NL11_2_6;M10;VEEN;1501.711984;73.55073757;230.3969471;147.063716;99.72390658;-6.3;0.39;0.35755166;7.417528566;2014;6.5;;-5.89109442;407776.6187;27.13807725;0.197244079;-3784.38969;-21370.91533;2360.350183;263.05158;4131.835841;66.13992442;1250.189736;6683.093975;8631.382584;851.8772862;625;2197.958456;0;2.271237783;1760.848476;0;147.1945555;0;0;0;0;25155.30502;0;0.052755972;0.82865503;0.198969114;0.501460393;4.020957986;5.193167545;0.128135366;0.15668259;0.551010919;0;0.000455505;0;0.052755972;0.82865503;0.132646076;0.250730197;2.010478993;2.596583772;0.141803139;0.282028663;0.110202184;0;0.000378069;;;;;1;0.402095799;11.63225042;6.406262094;(0.3,0.5];0.32;14.38;18.03851251;1.254416726;;;;;
2130-GAF-NLP_2015_V2.xlsx;;2130;NL11_2_6;M10;KLEI;;;;;;;;;;;;;;;;;;;;;;;;;;Legmeerdijksloot;Westwijk;inlaten UHP;Onbekend;inlaat peilbeheer;;;;uitlaat1;uitlaat2;uitlaat3;uitlaat4;;;;;;;;;Legmeerdijksloot;Westwijk;inlaten UHP;Onbekend;inlaat peilbeheer;;;;;;;;Legmeerdijksloot;Westwijk;inlaten UHP;Onbekend;inlaat peilbeheer;;;;;;;;;;;;;;;;;;
2130-GAF-NLP_2015_V2.xlsx;;2130;NL11_2_6;M10;KLEI;1119.537027;0;296.5639803;100.8386499;49.02307195;-6.3;0.45;0.458681104;22.69264793;2012.5;6.5;;-5.829484061;230661.3674;50.45151547;6.66E-14;-3432.568843;-20204.33384;1235.160279;140.4760577;5594.111038;148.2520198;0;5611.142055;5439.861224;424.9785544;3796.464793;914.9367084;1427.5;0;969.8599856;0;126.1200641;0;0;0;0;23636.90268;0;0.057310182;2.282236023;0.907238249;0;6.86755256;6.657919638;0.260068497;1.936060227;1.026486447;0.145594711;0;0;0.057310182;2.282236023;0.604825499;0;3.43377628;3.328959819;0;0;0;0;0;;;;;1;0.686755256;20.14046653;9.707107803;(0.3,0.5];0.4;16.305;29.84757434;1.830578003;;;;;
2220-EAG-1_F001.xlsx;;2220;NL11_3_2;M20;KLEI;;;;;;;;;;;;;;;;;;;;;;;;;;inlaat1;inlaat1;inlaat1;inlaat1;inlaat peilbeheer;;;;uitlaat1;uitlaat2;uitlaat3;uitlaat4;;;;;;;;;inlaat1;inlaat1;inlaat1;inlaat1;inlaat peilbeheer;;;;;;;;inlaat1;inlaat1;inlaat1;inlaat1;inlaat peilbeheer;;;;;;;;;;;;;;;;;;
2220-EAG-1_F001.xlsx;;2220;NL11_3_2;M20;KLEI;272.4074296;18.20774949;20.23083276;0;70.099102;-19;0.6;0.03779891;0.156087764;2014;6.5;;-2.680093349;11440108.01;7.213889527;1.637046938;-2828.482671;0;1775.416634;260.1345807;377.818504;0;221.3319105;1777.341293;0;0;0;0;0;644.8288554;1410.969197;490.693714;328.3632421;0;0;0;0;2828.482671;0;0.371095454;0.269488833;0;0.09472243;0.760640825;0;0;0;0;0;0.183976353;0.050654476;0;0;0;0;0;0;0;0;0;0;0;;;;;0;0.076064083;1.679923895;0.050654476;(0.5,0.7];1;6.58;1.730578371;0.263005831;;;;;
2250-EAG-1_F001.xlsx;2250-EAG-1;;NL11_3_3;M20;KLEI;;;;;;;;;;;;;;;;;;;;;;;;;;inlaat1;inlaat2;inlaat3;inlaat4;inlaat peilbeheer;;;;uitlaat1;uitlaat2;uitlaat3;uitlaat4;;;;;;;;;inlaat1;inlaat2;inlaat3;inlaat4;inlaat peilbeheer;;;;;;;;inlaat1;inlaat2;inlaat3;inlaat4;inlaat peilbeheer;;;;;;;;;;;;;;;;;;
2250-EAG-1_F001.xlsx;2250-EAG-1;;NL11_3_3;M20;KLEI;98;2.5;0;0;73;-20.3;16.3;0.072097501;0.10169465;2014;6.5;;-3.898974974;11972748.27;3.341334591;35.35074882;-961.9222831;0;1848.888368;57.26554272;0;0;30.3311015;120.451984;158.385417;0;0;0;0;223.8518388;1469.359071;34.35932563;8.88432063;0;0;0;0;961.9222831;0;0.078445949;0;0;0.016619782;0.066001087;0.08678653;0;0;0;0;0.045996953;0.050654476;0;0;0;0;0;0;0;0;0;0;0;;;;;1;0.006600109;0.293850301;0.050654476;(0.5,0.7];1.2;6.45;0.344504777;0.053411593;1.013171663;0.311;0.620909096;vollenweider;1.631755227
2400-EAG-1_PRH_tm2017.xlsx;2400-EAG-1;;NL11_2_5;M8;VEEN;1175.883527;0;48.88287011;0;60.83827537;-3.3;0.3;0.564844362;12.08924793;2013.5;6.5;;-3.0537517;149813.2191;32.22110747;-3.251813685;-933.4636498;-13753.3879;1114.981661;0;657.1586201;0;0;1589.954013;3851.505802;1309.799475;0;8000;131.6639544;81.8799339;891.3515961;255.4772281;900.0112674;0;0;0;0;14686.85155;0.001832698;0;0.432069197;0;0;1.568046434;3.798436867;0.861168051;0;5.259846668;0.010820816;0.040375865;0.036653954;0;0.324051898;0;0;1.568046434;3.798436867;0;0;0.657480833;0.010820816;0.060563798;;;;;1;0.156804643;11.9725966;6.4560546;(0.3,0.5];0.4;14.715;18.4286512;1.252371811;;;;;
2400-EAG-1_PRH_tm2017.xlsx;2400-EAG-1;;NL11_2_5;M8;VEEN;;;;;;;;;;;;;;;;;;;;;;;;;;Benningh;;Gebruiksinlaten;variabel;inlaat peilbeheer;;;;uitlaat1;uitlaat2;uitlaat3;uitlaat4;;;;;;;;;Benningh;;Gebruiksinlaten;variabel;inlaat peilbeheer;;;;;;;;Benningh;;Gebruiksinlaten;variabel;inlaat peilbeheer;;;;;;;;;;;;;;;;;;
2500-EAG-2_F001_reservaatDemmerik.xlsx;2500-EAG-2;;NL11_8_1;M10;VEEN;;;;;;;;;;;;;;;;;;;;;;;;;;inlaat1;inlaat2;inlaat3;inlaat4;inlaat peilbeheer;;;;uitlaat1;uitlaat2;uitlaat3;uitlaat4;;;;;;;;;inlaat1;inlaat2;inlaat3;inlaat4;inlaat peilbeheer;;;;;;;;inlaat1;inlaat2;inlaat3;inlaat4;inlaat peilbeheer;;;;;;;;;;;;;;;;;;
2500-EAG-2_F001_reservaatDemmerik.xlsx;2500-EAG-2;;NL11_8_1;M10;VEEN;170;13.6;0;0;34;-2.65;0.5;;;2014;6.5;;-2.183758828;158521.9986;8.055471676;0.907731768;-1240.968744;0;861.126089;0;0;0;40.77496331;844.6816162;180.9077722;0;0;0;0;811.3699291;684.3590194;340;474.4403379;0;0;0;0;1240.968744;0;0;0;0;0.047970545;0.993743078;0.212832673;0;0;0;0;0.190910572;0.050654476;0;0;0;0;0;0;0;0;0;0;0;;;;;1;0.099374308;1.445456868;0.050654476;(0.3,0.5];0.35;13.325;1.496111343;0.112278525;;;;;
2500-EAG-3-4-5_F001.xlsx;;;NL11_3_4;M20;;;;;;;;;;;;;;;;;;;;;;;;;;;Inlaat kr. Mijdrecht;Inlaat wilnis veldzijde, oudhuizersluis, veldhuiswetering, gagel;inlaat 3;inlaat 4;inlaat peilbeheer:ringvaart;;;;Uitlaat 1;Uitlaat 2;Uitlaat 3;Uitlaat 4;;;;;;;;;Inlaat kr. Mijdrecht;Inlaat wilnis veldzijde, oudhuizersluis, veldhuiswetering, gagel;inlaat 3;inlaat 4;inlaat peilbeheer:ringvaart;;;;;;;;Inlaat kr. Mijdrecht;Inlaat wilnis veldzijde, oudhuizersluis, veldhuiswetering, gagel;inlaat 3;inlaat 4;inlaat peilbeheer:ringvaart;;;;;;;;;;;;;;;;;;
2500-EAG-3-4-5_F001.xlsx;;;NL11_3_4;M20;;1316.200853;0;74.70849643;1;1012.957098;-10;7.85;0.059186046;0.126288501;2013.5;6.5;;-2.066018065;80367833.17;9.418971859;327.2575587;3286.925814;-31842.99817;20393.93038;0;1125.013054;12045.98148;4500;40.45708485;8.562897786;3000;45000;0;0;169.7638081;15031.40285;34440.54133;8582.949729;0;0;0;0;28556.07235;0;0;0.009995603;0.142702764;0.033318292;0.002396375;0.000507202;0.020731381;0.310970722;0;0;0.001173146;0.040266129;0;0.222124522;0.451892086;0.044424389;0.002396375;0.000507202;0.088848778;1.332731665;0;0;0.005027769;;;;;0;0.000239638;0.521795486;2.188218914;(0.5,0.7];2;;2.7100144;;0.53;0.366;0.730931115;vollenweider;0.725102529
2500-EAG-6_F003.xlsx;2500-EAG-6;;NL11_8_2;M10;VEEN;;;;;;;;;;;;;;;;;;;;;;;;;;Inlaten vanuit kromme mijdrecht;Tweede bedijking;Veldhuisweg, Pomp bedrijf;Inlaten vanuit tussenboezem/ wilnis veldzijde;inlaat peilbeheer: Oudhuizersluis;;;;Uitlaat 1;Uitlaat 2;Uitlaat 3;Uitlaat 4;;;;;;;;;Inlaten vanuit kromme mijdrecht;Tweede bedijking;Veldhuisweg, Pomp bedrijf;Inlaten vanuit tussenboezem/ wilnis veldzijde;inlaat peilbeheer: Oudhuizersluis;;;;;;;;Inlaten vanuit kromme mijdrecht;Tweede bedijking;Veldhuisweg, Pomp bedrijf;Inlaten vanuit tussenboezem/ wilnis veldzijde;inlaat peilbeheer: Oudhuizersluis;;;;;;;;;;;;;;;;;;
2500-EAG-6_F003.xlsx;2500-EAG-6;;NL11_8_2;M10;VEEN;292.4372473;0;42.95506987;1;52.7612798;-2.55;0.4;0.632048942;13.06893668;2013.5;6.5;;-2.131624042;220740.51;38.32734762;19.60273595;-8739.825899;-3265.811702;1062.246238;0;646.8476365;0;0;384.8582724;101.5547733;3000;1800.532862;0;9610.408606;700.7030958;782.9315311;1593.39065;2944.794438;0;0;0;0;12005.6376;0;0;0.110339036;0;0;0.437659898;0.115487843;0.568598793;0.682520541;0;3.642977821;0.106245049;0.040266129;0;2.451978568;0;0;0.437659898;0.115487843;2.274395171;0.341260271;0;5.464466732;0.225770729;;;;;1;0.04376599;5.663828981;11.35128534;(0,0.3];0.2;15.695;17.01511432;1.084110502;;;;;
2501_EAG-1_20160507.xlsx;2501-EAG-1;;NL11_2_3;M8;VEEN;;;;;;;;;;;;;;;;;;;;;;;;;;erven Amstelkade;variabel GWVzuid;variabel Demmerik;constante inlaat;inlaat peilbeheer;;;;vispomp Gagelweg;uitlaatstuw korenmolenweg;uitlaat3;uitlaat4;;;;;;;;;erven Amstelkade;variabel GWVzuid;variabel Demmerik;constante inlaat;inlaat peilbeheer;;;;;;;;erven Amstelkade;variabel GWVzuid;variabel Demmerik;constante inlaat;inlaat peilbeheer;;;;;;;;;;;;;;;;;;
2501_EAG-1_20160507.xlsx;2501-EAG-1;;NL11_2_3;M8;VEEN;373.401109;0;10.28941758;0;50.28998723;-2.8;0.34;0.233485303;1.688290226;2013.5;6.5;;-2.450069744;175979.8809;20.0585633;0.033155415;-4854.670905;-3646.355774;1318.118969;25.56714693;199.8707746;0;0;3037.293765;1006.598266;0;0;0;4500;0;990.5236969;59.86798544;536.063716;0;0;0;0;8501.026679;0;0.020335775;0.158974608;0;0;3.019779813;1.000793917;0;0;0;1.372364901;0;0.052420732;0.010167888;0;0;0;0;0;0;0;0;0;0;;;;;1;0.301977981;5.590343548;0.06258862;(0,0.3];0.3;14.26;5.652932167;0.396418806;;;;;
2540-GAF_F002.xlsx;;2540;NL11_2_7;M10;VEEN;;;;;;;;;;;;;;;;;;;;;;;;;;brandweer;hevel het Poeltje (tijdserie);Veldwegsloot - reeks aangevuld met gem.;inlaat4;inlaat peilbeheer;;;;uitlaat1;uitlaat2;uitlaat3;uitlaat4;;;;;;;;;brandweer;hevel het Poeltje (tijdserie);Veldwegsloot - reeks aangevuld met gem.;inlaat4;inlaat peilbeheer;;;;;;;;brandweer;hevel het Poeltje (tijdserie);Veldwegsloot - reeks aangevuld met gem.;inlaat4;inlaat peilbeheer;;;;;;;;;;;;;;;;;;
2540-GAF_F002.xlsx;;2540;NL11_2_7;M10;VEEN;1985.396737;792.1066815;242.2244047;32;126.9589695;-7;0.3;0.282137529;25.93552975;2012;6.5;;-6.692295395;390658.5959;107.7416199;13.08248101;-16810.256;-116759.6289;2884.863274;88871.27862;4133.331172;0;16996.63304;19254.69611;0;2592;504.8480424;1550;0;0;2213.63964;0;1017.208225;0;0;0;0;133569.8849;0;28;1.302257317;0;5.355000318;9.099646693;0;0.306240671;0.159058645;0.488346749;0;0;0.0454456;14;6.511286583;0;8.032500476;9.099646693;0;0.918722013;0.178940976;0.061043344;0;0;;;;;1;0.909964669;44.71055039;38.84758569;(0,0.3];0.3;20.51;83.55813608;4.074019311;;;;;
2550-GAF_F003.xlsx;;2550;NL11_7_1;M27;VEEN;;;;;;;;;;;;;;;;;;;;;;;;;;part. inlaat;dijklek;Inlaat3;Inlaat4;inlaat peilbeheer;;;;uitlaat1;uitlaat2;uitlaat3;uitlaat4;;;;;;;;;part. inlaat;dijklek;Inlaat3;Inlaat4;inlaat peilbeheer;;;;;;;;part. inlaat;dijklek;Inlaat3;Inlaat4;inlaat peilbeheer;;;;;;;;;;;;;;;;;;
2550-GAF_F003.xlsx;;2550;NL11_7_1;M27;VEEN;61.35736997;0;2.618526497;0;5.7716722;-3.3;0.5;0.450558719;9.12558959;2014;6.5;;-2.823026638;27529.33895;22.05756611;0.015400944;103.4853233;-1274.554229;134.077772;34.6300332;44.85274726;0;0;210.1303809;590.8173011;101.6181378;150;0;0;6.964038834;101.8336613;0;0.203244646;0;0;0;0;1171.068906;0;0;0.069940688;0;0;2.184431551;6.141900794;0.387339917;1.039560078;0;0;0.026544968;0.046460633;0.12;1.554237514;0;0;2.184431551;6.141900794;0.228882678;1.169505087;0;0;0.015685663;;;;;0;0.218443155;9.849717996;11.46110392;(0.5,0.7];1.25;9.175;21.31082192;2.322705386;;;;;
2600-GAF_F002.xlsx;;2600;NL11_2_4;M10;VEEN;;;;;;;;;;;;;;;;;;;;;;;;;;dijkslek;gebruiksinlaten;bemeten blokbemalingen;inlaat4;inlaat peilbeheer;;;;uitlaat1;uitlaat2;uitlaat3;uitlaat4;;;;;;;;;dijkslek;gebruiksinlaten;bemeten blokbemalingen;inlaat4;inlaat peilbeheer;;;;;;;;dijkslek;gebruiksinlaten;bemeten blokbemalingen;inlaat4;inlaat peilbeheer;;;;;;;;;;;;;;;;;;
2600-GAF_F002.xlsx;;2600;NL11_2_4;M10;VEEN;857.3915908;729.3304043;60.08638528;0;67.97480125;-6.51;0.51;0.37020874;13.94624836;2012;6.5;;-5.930013905;394244.3956;45.76586876;2.05E-13;-2760.044217;-27164.01456;1541.82106;135.9496025;1024.483001;0;9789.970314;60.08638528;0;1200;1750;15496.79886;0;110.1491136;1185.199559;0;0;0;0;0;0;29924.05877;0;0.08;0.602860461;0;5.760940898;0.053037053;0;0.264804011;1.029793375;9.119143313;0;0.048613212;0.045364489;0.04;3.014302305;0;8.641411347;0.053037053;0;0.794412032;1.158517547;1.139892914;0;0.072919818;;;;;1;0.005303705;16.95919232;14.9598575;(0,0.3];0.3;16.225;31.91904983;1.967275798;;;;;
3100-GAF_F001.xlsx;;3100;NL11_4_1;M14;ZAND;;;;;;;;;;;;;;;;;;;;;;;;;;evt opgedrukte inlaat (defo);in2;in3;in4;inlaat peilbeheer;;;;evt opgedrukte molen;lek aalscholverkolonie?????;uit3;uit4;;;;;;;;;evt opgedrukte inlaat (defo);in2;in3;in4;inlaat peilbeheer;;;;;;;;evt opgedrukte inlaat (defo);in2;in3;in4;inlaat peilbeheer;;;;;;;;;;;;;;;;;;
3100-GAF_F001.xlsx;;3100;NL11_4_1;M14;ZAND;631.3738161;0;0;0;207.8578027;-2;0.9;0.035749627;0.176187948;2012.5;6.5;;-0.972375485;2135997.738;6.799395204;-16.01037959;-857.8789823;0;5281.191925;721.6537691;0;0;0;3461.886333;1781.700163;0;0;0;0;2886.641276;4109.418386;4781.51868;1394.706736;2973.540303;0;0;0;857.8789823;0;0.069437256;0;0;0;0.333101408;0.171434523;0;0;0;0;0.069437886;0.050815431;0.034718628;0;0;0;0.166550704;0.085717262;0;0;0;0;0;;;;;0;0.033310141;0.643411072;0.337802024;(0.5,0.7];0.9;2.633333333;0.981213096;0.372612568;0.981213096;0.35;1.63;lake;0.601971225
3100-GAF-NAP7a_test_malen_2017 Bob_20181127.xlsx;;3100;NL11_4_1;M14;ZAND;;;;;;;;;;;;;;;;;;;;;;;;;;evt opgedrukte inlaat (defo);in2;in3;in4;inlaat peilbeheer;;;;evt opgedrukte molen;lek aalscholverkolonie?????;uit3;uit4;;;;;;;;;evt opgedrukte inlaat (defo);in2;in3;in4;inlaat peilbeheer;;;;;;;;evt opgedrukte inlaat (defo);in2;in3;in4;inlaat peilbeheer;;;;;;;;;;;;;;;;;;
3100-GAF-NAP7a_test_malen_2017 Bob_20181127.xlsx;;3100;NL11_4_1;M14;ZAND;672.8621547;0;0;0;221.6894;-1.97;0.97;0.035749627;0.106429072;2014;6.5;;-0.971812059;2212876.857;6.842719552;-670.0038536;-1053.458272;0;5996.143457;1152.78488;0;0;0;4746.770893;1286.152426;0;0;0;0;1987.732262;2971.948209;3458.35464;926.4017077;6089.417236;0;0;0;1053.458272;0.054094995;0.104;0;0;0;0.535295203;0.14503991;0;0;0;0;0.044831468;0;0;0;0;0;0.428236162;0.116031928;0;0;0;0;0.035865175;;;;;0;0.05352952;0.883261576;0.580133265;(0.5,0.7];0.9;2.706666667;1.463394841;0.540663119;1.463394841;0.35;1.63;lake;0.897788246
3200-GAF_SBP4a_tm2017.xlsx;;3200;NL11_3_6;M20;VEEN;;;;;;;;;;;;;;;;;;;;;;;;;;Blijkpolder;Googstuw/afvoer SAP;overschot HAP;overschot PKH;inlaat peilbeheer;;;;opmaling naar/inlaat van SAP;inlaat Blijkpolder;;;;;;;;;;;Blijkpolder;Googstuw/afvoer SAP;overschot HAP;overschot PKH;inlaat peilbeheer;;;;;;;;Blijkpolder;Googstuw/afvoer SAP;overschot HAP;overschot PKH;inlaat peilbeheer;;;;;;;;;;;;;;;;;;
3200-GAF_SBP4a_tm2017.xlsx;;3200;NL11_3_6;M20;VEEN;369.3086249;0;20.89581931;0;254.814702;-16.5;14.78;0.017045785;0.091485121;2013.5;6.5;;-1.73585212;37621219.42;7.257039788;60.96630877;865.6064773;-4399.862298;5350.984968;0;322.9891604;0;0;251.6146244;2.653057689;899.4089637;2459.285912;0;0;7214.380481;4229.263488;4331.849934;1213.274014;3046.92575;206.7144694;0;0;3534.255821;0;0;0.011407907;0;0;0.059246493;0.000624703;0.038826247;0.144769075;0;0;0.424683923;0.041999029;0;0.253509046;0;0;0.059246493;0.000624703;0.046415014;0.193025433;0;0;0.141561308;;;;;0;0.005924649;0.679558348;0.736381025;(0.5,0.7];1.6;6.155;1.415939373;0.230047014;;;;;
3201-EAG-1+2_SAP_Zuid_van_Bergse_Pad_2015_uitwisseling.xlsx;;;NL11_6_3;M27;VEEN;;;;;;;;;;;;;;;;;;;;;;;;;;Inlaat vanuit EAG3;Inlaat vanuit EAG1;inlaat Spplas;;inlaat peilbeheer;;;;Aflaat Spplas;Uitlaat naar EAG1;Uitlaat naar EAG3;uitlaat4;;;;;;;;;Inlaat vanuit EAG3;Inlaat vanuit EAG1;inlaat Spplas;;inlaat peilbeheer;;;;;;;;Inlaat vanuit EAG3;Inlaat vanuit EAG1;inlaat Spplas;;inlaat peilbeheer;;;;;;;;;;;;;;;;;;
3201-EAG-1+2_SAP_Zuid_van_Bergse_Pad_2015_uitwisseling.xlsx;;;NL11_6_3;M27;VEEN;256.14811;0;0;0;126.182955;-2.5;1.13;;;2012.5;6.5;;-1.379934299;1413331.999;13.81981582;12.60965925;1.07E-14;0;3174.212008;0;0;0;0;623.8289477;0;3110.569471;132.2382721;10397.40328;0;0;2495.335926;8719.242191;2105.432144;1209.053377;2514.821457;406.9765405;0;0;0.150933793;0;0;0;0;0.098876896;0;0.345117711;0.003143965;0.164798855;0;0;0.050311264;0;0;0;0;0.098876896;0;0.246512651;0.004191954;0.082399428;0;0;;;;;0;0.00988769;0.762871221;0.482292193;(0.5,0.7];1;7.39;1.245163414;0.168493019;1.245163414;4.35;5.81;lake;0.214313841
3230_EAG5-F001.xlsx;3230-EAG-5;;NL11_6_4;M27;VEEN;;;;;;;;;;;;;;;;;;;;;;;;;;Inlaat EAG4;Inlaat H. Kanaal;Inlaat3;Inlaat4;Inlaat Peilbeheer;;;;Uitlaat H.Kanaal;Uitlaat EAG 4;uitlaat3;uitlaat4;;;;;;;;;Inlaat EAG4;Inlaat H. Kanaal;Inlaat3;Inlaat4;Inlaat Peilbeheer;;;;;;;;Inlaat EAG4;Inlaat H. Kanaal;Inlaat3;Inlaat4;Inlaat Peilbeheer;;;;;;;;;;;;;;;;;;
3230_EAG5-F001.xlsx;3230-EAG-5;;NL11_6_4;M27;VEEN;90.9769;0;3.8711;0;22.6571;-2.2;0.98;0.1;0.144927096;2013;6.5;;-1.214041594;223389.582;28.37837675;-1.837650235;-375.3085876;0;571.6586546;106.1483071;71.80154939;0;0;1124.611774;13.55580792;4238.954832;257.4043905;0;0;45.58188402;449.3511111;174.3865479;59.25571678;4897.362428;472.2151574;0;0;375.3085876;0.151385302;0.046849909;0.028521476;0;0;1.985446988;0.035898172;2.806375153;0.113608712;0;0;0.020118146;0.050461767;0.093699818;0.633810588;0;0;2.978170481;0.035898172;0.720302882;0.044307394;0;0;0.007846076;;;;;0;0.198544699;5.188203858;4.564497179;(0.5,0.7];0.7;10.8;9.752701037;0.903027874;9.752701037;7.03;8.4;lake;1.161035838
3230-EAG-1_F002_HOL-PKH.xlsx;3230-EAG-1;;NL11_6_4;M27;VEEN;;;;;;;;;;;;;;;;;;;;;;;;;;H. Kanaal;Moleneind;Inlaat3;Inlaat4;Inlaat Peilbeheer;;;;H. Kanaal;Moleneind;Uitlaat3;Uitlaat4;;;;;;;;;H. Kanaal;Moleneind;Inlaat3;Inlaat4;Inlaat Peilbeheer;;;;;;;;H. Kanaal;Moleneind;Inlaat3;Inlaat4;Inlaat Peilbeheer;;;;;;;;;;;;;;;;;;
3230-EAG-1_F002_HOL-PKH.xlsx;3230-EAG-1;;NL11_6_4;M27;VEEN;120.3128053;0;0.1072;0;28.2969879;-2.1;0.88;;;2013;6.5;;-1.212768835;251059.6954;8.853900425;1.444210746;-1602.972081;0;713.9580101;28.2969879;1.988356306;0;0;1280.019662;66.07317133;0;0;0;0;415.0509445;561.2052272;28.2969879;314.3570469;0;0;0;0;1602.972081;0.151385302;0.02;0.001405348;0;0;0.452351913;0.046699791;0;0;0;0;0.120274913;0.050461767;0.02;0.014053484;0;0;0.226175957;0.011674948;0;0;0;0;0;;;;;0;0.045235191;0.792117268;0.322366156;(0.5,0.7];1.1;6.43;1.114483423;0.173325571;1.114483423;2.61;4.73;lake;0.235620174
3230-EAG-2_F002_Wijde_blik.xlsx;3230-EAG-2;;NL11_3_7;M20;;;;;;;;;;;;;;;;;;;;;;;;;;;Inlaat N201 (Hilversumsch Kanaal);Inlaat Moleneind;Inlaat3;Inlaat4;Inlaat Peilbeheer;;;;Uitlaat N201 (Hilversumsch Kanaal);Uitlaat Moleneind;uitlaat3;uitlaat4;;;;;;;;;Inlaat N201 (Hilversumsch Kanaal);Inlaat Moleneind;Inlaat3;Inlaat4;Inlaat Peilbeheer;;;;;;;;Inlaat N201 (Hilversumsch Kanaal);Inlaat Moleneind;Inlaat3;Inlaat4;Inlaat Peilbeheer;;;;;;;;;;;;;;;;;;
3230-EAG-2_F002_Wijde_blik.xlsx;3230-EAG-2;;NL11_3_7;M20;;401.3297;0;16.7363;0;293.0454114;-18;16.78;;;2013;6.5;;-1.226181986;49154904;4.880600056;54.83557965;-6.32E-14;0;7393.794687;10.30165793;310.4265638;0;0;468.7431138;0;0;32.80407443;0;0;6086.304416;5811.877125;5968.844508;1199.062575;1377.425885;0;0;0;0;0.151385302;0.000703076;0.009533809;0;0;0.095973476;0;0;0.000917924;0;0;0.207691514;0.050461767;0.000703076;0.211862429;0;0;0.095973476;0;0;0.000291049;0;0;0.080999683;;;;;0;0.009597348;0.466205101;0.440291481;(0.5,0.7];1.8;;0.906496582;;0.399699097;0.324;0.647661607;vollenweider;0.617141873
3230-EAG-3_F002-PKH.xlsx;3230-EAG-3;;NL11_6_4;M27;VEEN;;;;;;;;;;;;;;;;;;;;;;;;;;Inlaat gemaal Sniep (Anko Zuid);Inlaat H. Kanaal;Inlaat Kortenhoefse dijk 2;Inlaat4;Inlaat Peilbeheer;;;;Uitlaat Kortenhoefse dijk 2;Uitlaat H.Kanaal;Uitlaat duiker Korremof;uitlaat4;;;;;;;;;Inlaat gemaal Sniep (Anko Zuid);Inlaat H. Kanaal;Inlaat Kortenhoefse dijk 2;Inlaat4;Inlaat Peilbeheer;;;;;;;;Inlaat gemaal Sniep (Anko Zuid);Inlaat H. Kanaal;Inlaat Kortenhoefse dijk 2;Inlaat4;Inlaat Peilbeheer;;;;;;;;;;;;;;;;;;
3230-EAG-3_F002-PKH.xlsx;3230-EAG-3;;NL11_6_4;M27;VEEN;335.3158;0;15.454485;0;110.8153889;-2.2;0.98;;;2013;6.5;;-1.232202881;1072468.142;14.14582643;-0.571683502;7.93E-14;0;2795.970188;32.6045567;286.6513312;0;0;476.5825576;0;4221.853226;7007.974572;854.1161458;0;0;2197.766622;5083.570089;7415.396271;0;978.4479101;0;0;0;0.151385302;0;0.023280719;0;0;0.258041358;0;0.666716365;0.632400856;0.077075591;0;0;0.050461767;0.005884482;0.517349321;0;0;0.258041358;0;0.247637463;0.246636312;0.034684017;0;0;;;;;0;0.025804136;1.808900191;1.36069472;(0.5,0.7];1;7.46;3.169594912;0.424878674;3.169594912;3.95;5.68;lake;0.558027273
3300-EAG-9-10-11-12.xlsx;3300-EAG-10;;NL11_6_1;M10;VEEN;;;;;;;;;;;;;;;;;;;;;;;;;;inlaat1;inlaat2;inlaat3;inlaat4;inlaat peilbeheer;;;;uitlaat1;uitlaat2;uitlaat3;uitlaat4;;;;;;;;;inlaat1;inlaat2;inlaat3;inlaat4;inlaat peilbeheer;;;;;;;;inlaat1;inlaat2;inlaat3;inlaat4;inlaat peilbeheer;;;;;;;;;;;;;;;;;;
3300-EAG-9-10-11-12.xlsx;3300-EAG-11;;NL11_6_1;M10;VEEN;;;;;;;;;;;;;;;;;;;;;;;;;;inlaat1;inlaat2;inlaat3;inlaat4;inlaat peilbeheer;;;;uitlaat1;uitlaat2;uitlaat3;uitlaat4;;;;;;;;;inlaat1;inlaat2;inlaat3;inlaat4;inlaat peilbeheer;;;;;;;;inlaat1;inlaat2;inlaat3;inlaat4;inlaat peilbeheer;;;;;;;;;;;;;;;;;;
3300-EAG-9-10-11-12.xlsx;3300-EAG-12;;NL11_6_1;M10;VEEN;;;;;;;;;;;;;;;;;;;;;;;;;;inlaat1;inlaat2;inlaat3;inlaat4;inlaat peilbeheer;;;;uitlaat1;uitlaat2;uitlaat3;uitlaat4;;;;;;;;;inlaat1;inlaat2;inlaat3;inlaat4;inlaat peilbeheer;;;;;;;;inlaat1;inlaat2;inlaat3;inlaat4;inlaat peilbeheer;;;;;;;;;;;;;;;;;;
3300-EAG-9-10-11-12.xlsx;3300-EAG-9;;NL11_6_1;M10;VEEN;;;;;;;;;;;;;;;;;;;;;;;;;;inlaat1;inlaat2;inlaat3;inlaat4;inlaat peilbeheer;;;;uitlaat1;uitlaat2;uitlaat3;uitlaat4;;;;;;;;;inlaat1;inlaat2;inlaat3;inlaat4;inlaat peilbeheer;;;;;;;;inlaat1;inlaat2;inlaat3;inlaat4;inlaat peilbeheer;;;;;;;;;;;;;;;;;;
3300-EAG-9-10-11-12.xlsx;3300-EAG-10;;NL11_6_1;M10;VEEN;1546.2026;15.5987784;0;0;108.234182;-3.1;1.99;;;2014;6.5;;-1.100149098;2164522.265;17.83365432;45.49719477;-15155.70597;0;2424.469355;0;0;0;104.8552776;10697.50431;4577.937607;0;0;0;0;1497.343329;1878.241496;541.17091;1772.488696;0;0;0;0;15155.70597;0;0;0;0;0.038751262;1.976733064;0.845931945;0;0;0;0;0.083005755;0.044800438;0;0;0;0.058126892;1.976733064;0.845931945;0;0;0;0;0;;;;;1;0.197673306;2.944422026;2.925592339;(0.3,0.5];0.4;14.03;5.870014365;0.41839019;;;;;
3300-EAG-9-10-11-12.xlsx;3300-EAG-11;;NL11_6_1;M10;VEEN;1546.2026;15.5987784;0;0;108.234182;-3.1;1.99;;;2014;6.5;;-1.100149098;2164522.265;17.83365432;45.49719477;-15155.70597;0;2424.469355;0;0;0;104.8552776;10697.50431;4577.937607;0;0;0;0;1497.343329;1878.241496;541.17091;1772.488696;0;0;0;0;15155.70597;0;0;0;0;0.038751262;1.976733064;0.845931945;0;0;0;0;0.083005755;0.044800438;0;0;0;0.058126892;1.976733064;0.845931945;0;0;0;0;0;;;;;1;0.197673306;2.944422026;2.925592339;(0.3,0.5];0.4;14.03;5.870014365;0.41839019;;;;;
3300-EAG-9-10-11-12.xlsx;3300-EAG-12;;NL11_6_1;M10;VEEN;1546.2026;15.5987784;0;0;108.234182;-3.1;1.99;;;2014;6.5;;-1.100149098;2164522.265;17.83365432;45.49719477;-15155.70597;0;2424.469355;0;0;0;104.8552776;10697.50431;4577.937607;0;0;0;0;1497.343329;1878.241496;541.17091;1772.488696;0;0;0;0;15155.70597;0;0;0;0;0.038751262;1.976733064;0.845931945;0;0;0;0;0.083005755;0.044800438;0;0;0;0.058126892;1.976733064;0.845931945;0;0;0;0;0;;;;;1;0.197673306;2.944422026;2.925592339;(0.3,0.5];0.45;14.03;5.870014365;0.41839019;;;;;
3300-EAG-9-10-11-12.xlsx;3300-EAG-9;;NL11_6_1;M10;VEEN;1546.2026;15.5987784;0;0;108.234182;-3.1;1.99;;;2014;6.5;;-1.100149098;2164522.265;17.83365432;45.49719477;-15155.70597;0;2424.469355;0;0;0;104.8552776;10697.50431;4577.937607;0;0;0;0;1497.343329;1878.241496;541.17091;1772.488696;0;0;0;0;15155.70597;0;0;0;0;0.038751262;1.976733064;0.845931945;0;0;0;0;0.083005755;0.044800438;0;0;0;0.058126892;1.976733064;0.845931945;0;0;0;0;0;;;;;1;0.197673306;2.944422026;2.925592339;(0.5,0.7];1.1;8.23;5.870014365;0.713245974;;;;;
3360-EAG-10_F002.xlsx;3360-EAG-10;;NL11_6_5;M27;VEEN;;;;;;;;;;;;;;;;;;;;;;;;;;overschot GMP;inlaat2;inlaat3;inlaat4;inlaat peilbeheer;;;;vraag GMP;uitlaat2;uitlaat3;uitlaat4;;;;;;;;;overschot GMP;inlaat2;inlaat3;inlaat4;inlaat peilbeheer;;;;;;;;overschot GMP;inlaat2;inlaat3;inlaat4;inlaat peilbeheer;;;;;;;;;;;;;;;;;;
3360-EAG-10_F002.xlsx;3360-EAG-10;;NL11_6_5;M27;VEEN;52.68761;0;0;0;32.53631;-2.1;0.8;0.055397299;0.11828922;2012;6.5;;-1.303327816;259207.7314;18.54759455;4.290764329;-675.2863336;0;703.5147746;0;0;0;0;3.799182566;0;2461.181101;0;0;0;2866.207801;523.3545753;3081.188557;1678.067618;81.09654092;0;0;0;675.2863336;0;0;0;0;0;0.002335349;0;0.378220687;0;0;0;0.440462948;0;0;0;0;0;0;0;0;0;0;0;0.880925895;;;;;0;0.000233535;0.821018984;0.880925895;(0.5,0.7];1.1;8.385;1.701944879;0.202974941;1.701944879;7.79;8.88;lake;0.191660459
3360-EAG-11_F002_MCED.xlsx;3360-EAG-11;;NL11_3_8;M20;;;;;;;;;;;;;;;;;;;;;;;;;;;inlaat1;inlaat2;inlaat3;inlaat4;inlaat peilbeheer;;;;uitlaat1;uitlaat2;uitlaat3;uitlaat4;;;;;;;;;inlaat1;inlaat2;inlaat3;inlaat4;inlaat peilbeheer;;;;;;;;inlaat1;inlaat2;inlaat3;inlaat4;inlaat peilbeheer;;;;;;;;;;;;;;;;;;
3360-EAG-11_F002_MCED.xlsx;3360-EAG-11;;NL11_3_8;M20;;85.69161;0;0;0;60.82671;-14.1;12.8;0.053970878;0.226675048;2014;6.5;;-1.284691058;7795130.806;7.507165027;0.363271034;-1670.648005;-765.8185163;1482.245989;2198.885567;0;0;0;765.1336057;19.05987714;0;0;0;0;101.0364622;1211.875625;912.40065;5.981974891;0;0;0;0;2436.466521;0;0.54225;0;0;0;0.251578165;0.006266943;0;0;0;0;0.004983163;0;0;0;0;0;0;0;0;0;0;0;0.016610542;;;;;0;0.025157817;0.805078271;0.016610542;(0.5,0.7];1.8;;0.821688813;;0.611391717;0.361;0.72151989;vollenweider;0.847366407
3360-EAG-12_F001.xlsx;3360-EAG-12;;NL11_6_5;M27;VEEN;;;;;;;;;;;;;;;;;;;;;;;;;;Molenpolder;inlaat2;inlaat3;inlaat4;inlaat peilbeheer;;;;Molenpolder;molenpolder klein;uitlaat3;uitlaat4;;;;;;;;;Molenpolder;inlaat2;inlaat3;inlaat4;inlaat peilbeheer;;;;;;;;Molenpolder;inlaat2;inlaat3;inlaat4;inlaat peilbeheer;;;;;;;;;;;;;;;;;;
3360-EAG-12_F001.xlsx;3360-EAG-12;;NL11_6_5;M27;VEEN;20.74691;0;0;0;4.28991;-1.9;0.8;0.058744394;8.765226403;2012.5;6.5;;-1.069999835;35606.26007;154.1735005;0.904946559;-4853.407578;0;94.53905116;0;0;0;0;149.1890699;7.874408578;4788.24922;0;0;0;1574.052668;71.41165172;35.25115517;115.5097382;898.547857;640.6813842;0;0;4853.407578;0;0;0;0;0;1.391069462;0.073422599;3.348496276;0;0;0;4.219577027;0.044075074;0;0;0;0;0;0;7.813157977;0;0;0;3.669197415;;;;;0;0.139106946;9.032565365;11.52643047;(0.3,0.5];0.5;20.515;20.55899583;1.002144569;;;;;
3360-EAG-13_F001.xlsx;3360-EAG-13;;NL11_6_5;M27;VEEN;;;;;;;;;;;;;;;;;;;;;;;;;;inlaat1;inlaat2;inlaat3;inlaat4;inlaat peilbeheer;;;;uitlaat1;uitlaat2;uitlaat3;uitlaat4;;;;;;;;;inlaat1;inlaat2;inlaat3;inlaat4;inlaat peilbeheer;;;;;;;;inlaat1;inlaat2;inlaat3;inlaat4;inlaat peilbeheer;;;;;;;;;;;;;;;;;;
3360-EAG-13_F001.xlsx;3360-EAG-13;;NL11_6_5;M27;VEEN;29.95341;0;0;0;13.14461;-1.8;0.52;0.194803934;0.062530246;2012.5;6.5;;-1.294929629;66389.53055;8.506536126;0.159141809;-40.28239406;0;289.6748317;0;0;0;0;43.06211019;3.884295817;0;0;0;0;781.5297606;218.8107236;440.6212906;418.5957318;0;0;0;0;40.28239406;0;0;0;0;0;0.131041119;0.011820193;0;0;0;0;0.683747349;0.044075074;0;0;0;0;0;0;0;0;0;0;0.45721888;;;;;0;0.013104112;0.826608662;0.501293954;(0.5,0.7];1.3;6.37;1.327902616;0.208461949;1.327902616;7.79;8.88;lake;0.149538583
3360-EAG-14_F002.xlsx;3360-EAG-14;;NL11_6_5;M27;VEEN;;;;;;;;;;;;;;;;;;;;;;;;;;uit Taartpunt;inlaat2;inlaat3;inlaat4;inlaat peilbeheer;;;;naar Taartpunt;uitlaat2;uitlaat3;uitlaat4;;;;;;;;;uit Taartpunt;inlaat2;inlaat3;inlaat4;inlaat peilbeheer;;;;;;;;uit Taartpunt;inlaat2;inlaat3;inlaat4;inlaat peilbeheer;;;;;;;;;;;;;;;;;;
3360-EAG-14_F002.xlsx;3360-EAG-14;;NL11_6_5;M27;VEEN;46.02031;0;0;0;12.75071;-1.2;0.45;0.035621237;0.66406866;2012;6.5;;-0.729168294;60034.38536;50.12088996;3.279665295;-2331.174682;0;275.7016045;0;0;0;0;28.13096492;1.998251796;2950.635711;0;0;0;3134.302796;205.0983168;736.991038;1567.972616;1552.812341;0;0;0;2331.174682;0;0;0;0;0;0.044124547;0.003134338;9.256380896;0;0;0;1.474883891;0.043244902;0;0;0;0;0;0;0;0;0;0;2.458139818;;;;;0;0.004412455;10.77852367;2.50138472;(0.5,0.7];0.7;16.835;13.27990839;0.788827347;;;;;
3360-EAG-16_MolenpolderNatuur_tm2017.xlsx;3360-EAG-16;;NL11_6_5;M27;VEEN;;;;;;;;;;;;;;;;;;;;;;;;;;Westbroek - offline REEKS;Inlaat2;Inlaat3;Inlaat4;inlaat peilbeheer;;;;naar Westbroek - offline REEKS;naar Gagelweg (volkstuinen);uitlaat3;uitlaat4;;;;;;;;;Westbroek - offline REEKS;Inlaat2;Inlaat3;Inlaat4;inlaat peilbeheer;;;;;;;;Westbroek - offline REEKS;Inlaat2;Inlaat3;Inlaat4;inlaat peilbeheer;;;;;;;;;;;;;;;;;;
3360-EAG-16_MolenpolderNatuur_tm2017.xlsx;3360-EAG-16;;NL11_6_5;M27;VEEN;140.9634021;0;3.98594468;0;42.8298996;-2;0.89;0.030954716;0.305782894;2013.5;6.5;;-1.077543204;395087.3197;19.09157946;32.03945222;-4682.430333;0;942.2949653;0;64.23857554;0;0;1121.780685;9.76E-07;4913.162977;0;0;0;1135.427111;743.0351159;672.4294238;1658.755529;180.8139706;271.4793938;0;0;4682.430333;0;0;0.013498682;0;0;1.571491918;1.37E-09;1.72070085;0;0;0;0.265101511;0.044001736;0;0.299970703;0;0;1.571491918;1.37E-09;0;0;0;0;0;;;;;0;0.157149192;3.570792963;1.915464359;(0.5,0.7];1;8.51;5.486257322;0.644683587;5.486257322;7.79;8.88;lake;0.61782177
3360-EAG-17_Westbroek_tm2017.xlsx;3360-EAG-17;;NL11_6_5;M27;VEEN;230.7320782;0;6.132202775;0;36.90657089;-2;0.89;0.062663673;0.889368866;2013.5;6.5;;-1.082715185;338538.3707;17.39493116;0.517197395;-5272.051868;0;811.9765925;479.7854216;98.8282585;0;0;4848.468356;9.76E-07;0;0;0;0;180.8139706;640.2741644;0;508.0637645;0;0;0;0;5272.051868;0;0.065;0.024100162;0;0;3.284285317;1.59E-09;0;0;0;0;0.048992352;0.044001736;0.26;0.535559149;0;0;3.284285317;1.59E-09;0;0;0;0;0;;;;;1;0.328428532;3.422377832;4.123846204;(0.3,0.5];0.4;14.02;7.546224036;0.538247078;7.546224036;7.32;8.48;lake;0.88988491
3360-EAG-17_Westbroek_tm2017.xlsx;3360-EAG-17;;NL11_6_5;M27;VEEN;;;;;;;;;;;;;;;;;;;;;;;;;;;;;;;;;;;;;;;;;;;;;;;;;;;;;;;;;;;;;;;;;;;;;;;;;;;;;;;;
4000-EAG-1-3-4-6-7-8_F004.xlsx;;4000;NL11_2_2;M6a;ZAND;370.252725;0;0;0;100.252725;-2.1;1.7;0.161635553;3.618868942;2013.5;6.5;;-0.262532612;1842111.128;68.83354134;24.71097018;-8515.802073;-13571.72263;2280.705208;0;0;0;0;3596.568156;0;21686.86003;4682.705804;1560.085566;13559.85087;15989.01775;1790.669007;20050.545;862.1291654;3031.323379;689.4261488;13501.80932;1367.077618;22087.5247;0;0;0;0;0;0.107625049;0;9.950807434;0.560508152;0.108930695;0.676283406;1.594871137;0.045499117;0;0;0;0;0;0;4.326438015;0.840762228;0.155615278;0.676283406;1.594871137;;;;;1;0.010762505;12.99902587;7.63946918;(0.5,0.7];0.7;11.905;20.63849505;1.733598912;;;;;
4000-EAG-1-3-4-6-7-8_F004.xlsx;;4000;NL11_2_2;M6a;ZAND;;;;;;;;;;;;;;;;;;;;;;;;;;;;;;;;;;;;;;;;;;;;;;;;;;;;;;;;;;;;;;;;;;;;;;;;;;;;;;;;
4210-EAG-1-2-3-5_HAP_west2015.xlsx;;;NL11_6_2;M27;VEEN;217.93902;0;21.7970453;0;102.261464;-2.6;1.19;0.0693149;0.85756034;2012.5;6.5;;-1.394600856;1232658.812;13.51182412;0.609370463;-713.9557588;-5940.40573;2572.451778;255.65366;404.999052;0;0;1292.055391;23.28610861;425;60;218.4645819;7767.686262;797.7923291;2022.275552;3067.84392;2073.517573;0;0;0;0;6654.361488;0.012577816;0.05;0.035643842;0;0;0.252696439;0.004554229;0.058184186;0.023469251;0.042726668;1.519181509;0.109220934;0.050311264;0.05;0.118812807;0;0;0.252696439;0.004554229;0.124680398;0.026402908;0.042726668;1.519181509;0.234044859;;;;;0;0.025269644;2.108254875;2.423411081;(0.5,0.7];1.2;7.325;4.531665957;0.618657468;4.531665957;2.1;3.76;lake;1.205230308
4210-EAG-1-2-3-5_HAP_west2015.xlsx;;;NL11_6_2;M27;VEEN;;;;;;;;;;;;;;;;;;;;;;;;;;;;;;;;;;;;;;;;;;;;;;;;;;;;;;;;;;;;;;;;;;;;;;;;;;;;;;;;
8070-GAF_F003.xlsx;;8070;NL11_3_1;M20;;1474.094295;49.3354;646.395046;0;167.185249;-18.1;16;0.443989491;5.565180936;2012.5;6.5;;-2.052763952;26828611.54;26.24496579;0.835855339;6480.321534;-36681.90934;4417.447816;0;12876.5983;0;584.1208033;6303.27163;91.08579747;5576.077432;5184;2197.290639;6502.617732;145.2012492;3304.516517;8359.26245;822.9827177;1190.197762;0;0;0;30201.58781;0;0;11.55299141;0;0.104815611;1.131069577;0.016344587;9.338752613;0.930225609;0.210285599;1.555787432;0.013896082;0;0;6.161595416;0;0.24456976;2.639162347;0.038137371;0.833817198;4.651128043;0.394285498;1.555787432;0.026055154;;;;;0;0.113106958;24.85416852;16.54453822;(0.5,0.7];1.5;;41.39870674;;;;;;
8070-GAF_F003.xlsx;;8070;NL11_3_1;M20;;;;;;;;;;;;;;;;;;;;;;;;;;;;;;;;;;;;;;;;;;;;;;;;;;;;;;;;;;;;;;;;;;;;;;;;;;;;;;;;;
GAF-3300-F002.xlsx;;3300;NL11_5_1;M27;ZAND;3449.9948;0;267.9832846;0;1629.2312;-3;1.89;0.036849493;0.098712444;2014;6.5;;-1.110814095;30779206.19;5.967550906;626.4024958;6608.07154;-36828.01161;40235.22326;0;4884.460897;0;0;11568.75361;5943.755845;2670.393531;246.5937386;11638.87829;324;19713.14208;32793.50195;30792.46968;1410.455515;0;0;994.1965488;1641.039976;30219.94007;0;0;0.089940474;0;0;0.142014879;0.072963933;0.008195257;0.006054236;0.285751422;0.003579602;0.072597954;0.049391668;0;0.089940474;0;0;0.142014879;0.072963933;0.016390513;0.006811015;0.142875711;0.000994334;0;;;;;0;0.014201488;0.681097758;0.521382528;(0.5,0.7];1;2.56;1.202480286;0.469718862;1.202480286;0.07;0.35;lake;3.43565796
GAF-3300-F002.xlsx;;3300;NL11_5_1;M27;ZAND;;;;;;;;;;;;;;;;;;;;;;;;;;;;;;;;;;;;;;;;;;;;;;;;;;;;;;;;;;;;;;;;;;;;;;;;;;;;;;;;
